[2026-01-13T00:23:46.033+0000] {processor.py:161} INFO - Started process (PID=163) to work on /opt/airflow/dags/00_create_schemas_dag.py
[2026-01-13T00:23:46.038+0000] {processor.py:830} INFO - Processing file /opt/airflow/dags/00_create_schemas_dag.py for tasks to queue
[2026-01-13T00:23:46.061+0000] {logging_mixin.py:188} INFO - [2026-01-13T00:23:46.053+0000] {dagbag.py:545} INFO - Filling up the DagBag from /opt/airflow/dags/00_create_schemas_dag.py
[2026-01-13T00:23:46.182+0000] {logging_mixin.py:188} INFO - [2026-01-13T00:23:46.174+0000] {templater.py:93} ERROR - Failed to resolve template field 'sql'
Traceback (most recent call last):
  File "/home/airflow/.local/lib/python3.10/site-packages/airflow/template/templater.py", line 91, in resolve_template_files
    setattr(self, field, env.loader.get_source(env, content)[0])  # type: ignore
  File "/home/airflow/.local/lib/python3.10/site-packages/jinja2/loaders.py", line 207, in get_source
    raise TemplateNotFound(template)
jinja2.exceptions.TemplateNotFound: sql/schemas/00_create_schemas.sql
[2026-01-13T00:23:46.307+0000] {processor.py:840} INFO - DAG(s) '00_create_schemas' retrieved from /opt/airflow/dags/00_create_schemas_dag.py
[2026-01-13T00:23:47.861+0000] {logging_mixin.py:188} INFO - [2026-01-13T00:23:47.847+0000] {dag.py:3089} INFO - Sync 1 DAGs
[2026-01-13T00:23:47.992+0000] {logging_mixin.py:188} INFO - [2026-01-13T00:23:47.983+0000] {dag.py:3947} INFO - Setting next_dagrun for 00_create_schemas to None, run_after=None
[2026-01-13T00:23:48.116+0000] {processor.py:183} INFO - Processing /opt/airflow/dags/00_create_schemas_dag.py took 2.179 seconds
[2026-01-13T00:24:18.987+0000] {processor.py:161} INFO - Started process (PID=173) to work on /opt/airflow/dags/00_create_schemas_dag.py
[2026-01-13T00:24:18.992+0000] {processor.py:830} INFO - Processing file /opt/airflow/dags/00_create_schemas_dag.py for tasks to queue
[2026-01-13T00:24:19.001+0000] {logging_mixin.py:188} INFO - [2026-01-13T00:24:19.001+0000] {dagbag.py:545} INFO - Filling up the DagBag from /opt/airflow/dags/00_create_schemas_dag.py
[2026-01-13T00:24:19.049+0000] {logging_mixin.py:188} INFO - [2026-01-13T00:24:19.044+0000] {templater.py:93} ERROR - Failed to resolve template field 'sql'
Traceback (most recent call last):
  File "/home/airflow/.local/lib/python3.10/site-packages/airflow/template/templater.py", line 91, in resolve_template_files
    setattr(self, field, env.loader.get_source(env, content)[0])  # type: ignore
  File "/home/airflow/.local/lib/python3.10/site-packages/jinja2/loaders.py", line 207, in get_source
    raise TemplateNotFound(template)
jinja2.exceptions.TemplateNotFound: sql/schemas/00_create_schemas.sql
[2026-01-13T00:24:19.071+0000] {processor.py:840} INFO - DAG(s) '00_create_schemas' retrieved from /opt/airflow/dags/00_create_schemas_dag.py
[2026-01-13T00:24:19.413+0000] {logging_mixin.py:188} INFO - [2026-01-13T00:24:19.411+0000] {dag.py:3089} INFO - Sync 1 DAGs
[2026-01-13T00:24:19.574+0000] {logging_mixin.py:188} INFO - [2026-01-13T00:24:19.573+0000] {dag.py:3947} INFO - Setting next_dagrun for 00_create_schemas to None, run_after=None
[2026-01-13T00:24:19.686+0000] {processor.py:183} INFO - Processing /opt/airflow/dags/00_create_schemas_dag.py took 0.724 seconds
[2026-01-13T00:24:50.215+0000] {processor.py:161} INFO - Started process (PID=185) to work on /opt/airflow/dags/00_create_schemas_dag.py
[2026-01-13T00:24:50.225+0000] {processor.py:830} INFO - Processing file /opt/airflow/dags/00_create_schemas_dag.py for tasks to queue
[2026-01-13T00:24:50.248+0000] {logging_mixin.py:188} INFO - [2026-01-13T00:24:50.246+0000] {dagbag.py:545} INFO - Filling up the DagBag from /opt/airflow/dags/00_create_schemas_dag.py
[2026-01-13T00:24:50.328+0000] {logging_mixin.py:188} INFO - [2026-01-13T00:24:50.325+0000] {templater.py:93} ERROR - Failed to resolve template field 'sql'
Traceback (most recent call last):
  File "/home/airflow/.local/lib/python3.10/site-packages/airflow/template/templater.py", line 91, in resolve_template_files
    setattr(self, field, env.loader.get_source(env, content)[0])  # type: ignore
  File "/home/airflow/.local/lib/python3.10/site-packages/jinja2/loaders.py", line 207, in get_source
    raise TemplateNotFound(template)
jinja2.exceptions.TemplateNotFound: sql/schemas/00_create_schemas.sql
[2026-01-13T00:24:50.577+0000] {processor.py:840} INFO - DAG(s) '00_create_schemas' retrieved from /opt/airflow/dags/00_create_schemas_dag.py
[2026-01-13T00:24:51.077+0000] {logging_mixin.py:188} INFO - [2026-01-13T00:24:51.074+0000] {dag.py:3089} INFO - Sync 1 DAGs
[2026-01-13T00:24:51.295+0000] {logging_mixin.py:188} INFO - [2026-01-13T00:24:51.288+0000] {dag.py:3947} INFO - Setting next_dagrun for 00_create_schemas to None, run_after=None
[2026-01-13T00:24:51.504+0000] {processor.py:183} INFO - Processing /opt/airflow/dags/00_create_schemas_dag.py took 1.310 seconds
[2026-01-13T00:25:21.905+0000] {processor.py:161} INFO - Started process (PID=195) to work on /opt/airflow/dags/00_create_schemas_dag.py
[2026-01-13T00:25:21.917+0000] {processor.py:830} INFO - Processing file /opt/airflow/dags/00_create_schemas_dag.py for tasks to queue
[2026-01-13T00:25:21.935+0000] {logging_mixin.py:188} INFO - [2026-01-13T00:25:21.934+0000] {dagbag.py:545} INFO - Filling up the DagBag from /opt/airflow/dags/00_create_schemas_dag.py
[2026-01-13T00:25:22.112+0000] {logging_mixin.py:188} INFO - [2026-01-13T00:25:22.108+0000] {templater.py:93} ERROR - Failed to resolve template field 'sql'
Traceback (most recent call last):
  File "/home/airflow/.local/lib/python3.10/site-packages/airflow/template/templater.py", line 91, in resolve_template_files
    setattr(self, field, env.loader.get_source(env, content)[0])  # type: ignore
  File "/home/airflow/.local/lib/python3.10/site-packages/jinja2/loaders.py", line 207, in get_source
    raise TemplateNotFound(template)
jinja2.exceptions.TemplateNotFound: sql/schemas/00_create_schemas.sql
[2026-01-13T00:25:22.139+0000] {processor.py:840} INFO - DAG(s) '00_create_schemas' retrieved from /opt/airflow/dags/00_create_schemas_dag.py
[2026-01-13T00:25:22.472+0000] {logging_mixin.py:188} INFO - [2026-01-13T00:25:22.469+0000] {dag.py:3089} INFO - Sync 1 DAGs
[2026-01-13T00:25:22.567+0000] {logging_mixin.py:188} INFO - [2026-01-13T00:25:22.567+0000] {dag.py:3947} INFO - Setting next_dagrun for 00_create_schemas to None, run_after=None
[2026-01-13T00:25:22.655+0000] {processor.py:183} INFO - Processing /opt/airflow/dags/00_create_schemas_dag.py took 0.783 seconds
[2026-01-13T00:25:42.254+0000] {processor.py:161} INFO - Started process (PID=202) to work on /opt/airflow/dags/00_create_schemas_dag.py
[2026-01-13T00:25:42.259+0000] {processor.py:830} INFO - Processing file /opt/airflow/dags/00_create_schemas_dag.py for tasks to queue
[2026-01-13T00:25:42.270+0000] {logging_mixin.py:188} INFO - [2026-01-13T00:25:42.269+0000] {dagbag.py:545} INFO - Filling up the DagBag from /opt/airflow/dags/00_create_schemas_dag.py
[2026-01-13T00:25:42.366+0000] {logging_mixin.py:188} INFO - [2026-01-13T00:25:42.358+0000] {templater.py:93} ERROR - Failed to resolve template field 'sql'
Traceback (most recent call last):
  File "/home/airflow/.local/lib/python3.10/site-packages/airflow/template/templater.py", line 91, in resolve_template_files
    setattr(self, field, env.loader.get_source(env, content)[0])  # type: ignore
  File "/home/airflow/.local/lib/python3.10/site-packages/jinja2/loaders.py", line 207, in get_source
    raise TemplateNotFound(template)
jinja2.exceptions.TemplateNotFound: sql/schemas/00_create_schemas.sql
[2026-01-13T00:25:42.394+0000] {processor.py:840} INFO - DAG(s) '00_create_schemas' retrieved from /opt/airflow/dags/00_create_schemas_dag.py
[2026-01-13T00:25:42.491+0000] {logging_mixin.py:188} INFO - [2026-01-13T00:25:42.490+0000] {dag.py:3089} INFO - Sync 1 DAGs
[2026-01-13T00:25:42.527+0000] {logging_mixin.py:188} INFO - [2026-01-13T00:25:42.527+0000] {dag.py:3947} INFO - Setting next_dagrun for 00_create_schemas to None, run_after=None
[2026-01-13T00:25:42.621+0000] {processor.py:183} INFO - Processing /opt/airflow/dags/00_create_schemas_dag.py took 0.400 seconds
[2026-01-13T00:25:43.283+0000] {processor.py:161} INFO - Started process (PID=207) to work on /opt/airflow/dags/00_create_schemas_dag.py
[2026-01-13T00:25:43.285+0000] {processor.py:830} INFO - Processing file /opt/airflow/dags/00_create_schemas_dag.py for tasks to queue
[2026-01-13T00:25:43.289+0000] {logging_mixin.py:188} INFO - [2026-01-13T00:25:43.288+0000] {dagbag.py:545} INFO - Filling up the DagBag from /opt/airflow/dags/00_create_schemas_dag.py
[2026-01-13T00:25:43.322+0000] {logging_mixin.py:188} INFO - [2026-01-13T00:25:43.321+0000] {templater.py:93} ERROR - Failed to resolve template field 'sql'
Traceback (most recent call last):
  File "/home/airflow/.local/lib/python3.10/site-packages/airflow/template/templater.py", line 91, in resolve_template_files
    setattr(self, field, env.loader.get_source(env, content)[0])  # type: ignore
  File "/home/airflow/.local/lib/python3.10/site-packages/jinja2/loaders.py", line 207, in get_source
    raise TemplateNotFound(template)
jinja2.exceptions.TemplateNotFound: sql/schemas/00_create_schemas.sql
[2026-01-13T00:25:43.332+0000] {processor.py:840} INFO - DAG(s) '00_create_schemas' retrieved from /opt/airflow/dags/00_create_schemas_dag.py
[2026-01-13T00:25:43.400+0000] {logging_mixin.py:188} INFO - [2026-01-13T00:25:43.399+0000] {dag.py:3089} INFO - Sync 1 DAGs
[2026-01-13T00:25:43.431+0000] {logging_mixin.py:188} INFO - [2026-01-13T00:25:43.431+0000] {dag.py:3947} INFO - Setting next_dagrun for 00_create_schemas to None, run_after=None
[2026-01-13T00:25:43.472+0000] {processor.py:183} INFO - Processing /opt/airflow/dags/00_create_schemas_dag.py took 0.205 seconds
[2026-01-13T00:26:13.838+0000] {processor.py:161} INFO - Started process (PID=219) to work on /opt/airflow/dags/00_create_schemas_dag.py
[2026-01-13T00:26:13.842+0000] {processor.py:830} INFO - Processing file /opt/airflow/dags/00_create_schemas_dag.py for tasks to queue
[2026-01-13T00:26:13.847+0000] {logging_mixin.py:188} INFO - [2026-01-13T00:26:13.846+0000] {dagbag.py:545} INFO - Filling up the DagBag from /opt/airflow/dags/00_create_schemas_dag.py
[2026-01-13T00:26:13.882+0000] {logging_mixin.py:188} INFO - [2026-01-13T00:26:13.877+0000] {templater.py:93} ERROR - Failed to resolve template field 'sql'
Traceback (most recent call last):
  File "/home/airflow/.local/lib/python3.10/site-packages/airflow/template/templater.py", line 91, in resolve_template_files
    setattr(self, field, env.loader.get_source(env, content)[0])  # type: ignore
  File "/home/airflow/.local/lib/python3.10/site-packages/jinja2/loaders.py", line 207, in get_source
    raise TemplateNotFound(template)
jinja2.exceptions.TemplateNotFound: sql/schemas/00_create_schemas.sql
[2026-01-13T00:26:13.898+0000] {processor.py:840} INFO - DAG(s) '00_create_schemas' retrieved from /opt/airflow/dags/00_create_schemas_dag.py
[2026-01-13T00:26:14.061+0000] {logging_mixin.py:188} INFO - [2026-01-13T00:26:14.060+0000] {dag.py:3089} INFO - Sync 1 DAGs
[2026-01-13T00:26:14.134+0000] {logging_mixin.py:188} INFO - [2026-01-13T00:26:14.129+0000] {dag.py:3947} INFO - Setting next_dagrun for 00_create_schemas to None, run_after=None
[2026-01-13T00:26:14.184+0000] {processor.py:183} INFO - Processing /opt/airflow/dags/00_create_schemas_dag.py took 0.359 seconds
[2026-01-13T00:26:26.370+0000] {processor.py:161} INFO - Started process (PID=229) to work on /opt/airflow/dags/00_create_schemas_dag.py
[2026-01-13T00:26:26.372+0000] {processor.py:830} INFO - Processing file /opt/airflow/dags/00_create_schemas_dag.py for tasks to queue
[2026-01-13T00:26:26.376+0000] {logging_mixin.py:188} INFO - [2026-01-13T00:26:26.375+0000] {dagbag.py:545} INFO - Filling up the DagBag from /opt/airflow/dags/00_create_schemas_dag.py
[2026-01-13T00:26:26.423+0000] {logging_mixin.py:188} INFO - [2026-01-13T00:26:26.422+0000] {templater.py:93} ERROR - Failed to resolve template field 'sql'
Traceback (most recent call last):
  File "/home/airflow/.local/lib/python3.10/site-packages/airflow/template/templater.py", line 91, in resolve_template_files
    setattr(self, field, env.loader.get_source(env, content)[0])  # type: ignore
  File "/home/airflow/.local/lib/python3.10/site-packages/jinja2/loaders.py", line 207, in get_source
    raise TemplateNotFound(template)
jinja2.exceptions.TemplateNotFound: sql/schemas/00_create_schemas.sql
[2026-01-13T00:26:26.439+0000] {processor.py:840} INFO - DAG(s) '00_create_schemas' retrieved from /opt/airflow/dags/00_create_schemas_dag.py
[2026-01-13T00:26:26.571+0000] {logging_mixin.py:188} INFO - [2026-01-13T00:26:26.571+0000] {dag.py:3089} INFO - Sync 1 DAGs
[2026-01-13T00:26:26.623+0000] {logging_mixin.py:188} INFO - [2026-01-13T00:26:26.622+0000] {dag.py:3947} INFO - Setting next_dagrun for 00_create_schemas to None, run_after=None
[2026-01-13T00:26:26.676+0000] {processor.py:183} INFO - Processing /opt/airflow/dags/00_create_schemas_dag.py took 0.322 seconds
[2026-01-13T00:26:35.991+0000] {processor.py:161} INFO - Started process (PID=234) to work on /opt/airflow/dags/00_create_schemas_dag.py
[2026-01-13T00:26:35.994+0000] {processor.py:830} INFO - Processing file /opt/airflow/dags/00_create_schemas_dag.py for tasks to queue
[2026-01-13T00:26:36.001+0000] {logging_mixin.py:188} INFO - [2026-01-13T00:26:36.001+0000] {dagbag.py:545} INFO - Filling up the DagBag from /opt/airflow/dags/00_create_schemas_dag.py
[2026-01-13T00:26:36.090+0000] {logging_mixin.py:188} INFO - [2026-01-13T00:26:36.089+0000] {templater.py:93} ERROR - Failed to resolve template field 'sql'
Traceback (most recent call last):
  File "/home/airflow/.local/lib/python3.10/site-packages/airflow/template/templater.py", line 91, in resolve_template_files
    setattr(self, field, env.loader.get_source(env, content)[0])  # type: ignore
  File "/home/airflow/.local/lib/python3.10/site-packages/jinja2/loaders.py", line 207, in get_source
    raise TemplateNotFound(template)
jinja2.exceptions.TemplateNotFound: schemas/00_create_schemas.sql
[2026-01-13T00:26:36.107+0000] {processor.py:840} INFO - DAG(s) '00_create_schemas' retrieved from /opt/airflow/dags/00_create_schemas_dag.py
[2026-01-13T00:26:36.418+0000] {logging_mixin.py:188} INFO - [2026-01-13T00:26:36.417+0000] {dag.py:3089} INFO - Sync 1 DAGs
[2026-01-13T00:26:36.442+0000] {logging_mixin.py:188} INFO - [2026-01-13T00:26:36.441+0000] {dag.py:3947} INFO - Setting next_dagrun for 00_create_schemas to None, run_after=None
[2026-01-13T00:26:36.683+0000] {processor.py:183} INFO - Processing /opt/airflow/dags/00_create_schemas_dag.py took 0.725 seconds
[2026-01-13T00:27:07.080+0000] {processor.py:161} INFO - Started process (PID=246) to work on /opt/airflow/dags/00_create_schemas_dag.py
[2026-01-13T00:27:07.083+0000] {processor.py:830} INFO - Processing file /opt/airflow/dags/00_create_schemas_dag.py for tasks to queue
[2026-01-13T00:27:07.091+0000] {logging_mixin.py:188} INFO - [2026-01-13T00:27:07.089+0000] {dagbag.py:545} INFO - Filling up the DagBag from /opt/airflow/dags/00_create_schemas_dag.py
[2026-01-13T00:27:07.165+0000] {logging_mixin.py:188} INFO - [2026-01-13T00:27:07.163+0000] {templater.py:93} ERROR - Failed to resolve template field 'sql'
Traceback (most recent call last):
  File "/home/airflow/.local/lib/python3.10/site-packages/airflow/template/templater.py", line 91, in resolve_template_files
    setattr(self, field, env.loader.get_source(env, content)[0])  # type: ignore
  File "/home/airflow/.local/lib/python3.10/site-packages/jinja2/loaders.py", line 207, in get_source
    raise TemplateNotFound(template)
jinja2.exceptions.TemplateNotFound: schemas/00_create_schemas.sql
[2026-01-13T00:27:07.176+0000] {processor.py:840} INFO - DAG(s) '00_create_schemas' retrieved from /opt/airflow/dags/00_create_schemas_dag.py
[2026-01-13T00:27:07.411+0000] {logging_mixin.py:188} INFO - [2026-01-13T00:27:07.411+0000] {dag.py:3089} INFO - Sync 1 DAGs
[2026-01-13T00:27:07.463+0000] {logging_mixin.py:188} INFO - [2026-01-13T00:27:07.463+0000] {dag.py:3947} INFO - Setting next_dagrun for 00_create_schemas to None, run_after=None
[2026-01-13T00:27:07.505+0000] {processor.py:183} INFO - Processing /opt/airflow/dags/00_create_schemas_dag.py took 0.546 seconds
[2026-01-13T00:27:37.792+0000] {processor.py:161} INFO - Started process (PID=256) to work on /opt/airflow/dags/00_create_schemas_dag.py
[2026-01-13T00:27:37.801+0000] {processor.py:830} INFO - Processing file /opt/airflow/dags/00_create_schemas_dag.py for tasks to queue
[2026-01-13T00:27:38.018+0000] {logging_mixin.py:188} INFO - [2026-01-13T00:27:37.949+0000] {dagbag.py:545} INFO - Filling up the DagBag from /opt/airflow/dags/00_create_schemas_dag.py
[2026-01-13T00:27:38.382+0000] {logging_mixin.py:188} INFO - [2026-01-13T00:27:38.376+0000] {templater.py:93} ERROR - Failed to resolve template field 'sql'
Traceback (most recent call last):
  File "/home/airflow/.local/lib/python3.10/site-packages/airflow/template/templater.py", line 91, in resolve_template_files
    setattr(self, field, env.loader.get_source(env, content)[0])  # type: ignore
  File "/home/airflow/.local/lib/python3.10/site-packages/jinja2/loaders.py", line 207, in get_source
    raise TemplateNotFound(template)
jinja2.exceptions.TemplateNotFound: schemas/00_create_schemas.sql
[2026-01-13T00:27:38.411+0000] {processor.py:840} INFO - DAG(s) '00_create_schemas' retrieved from /opt/airflow/dags/00_create_schemas_dag.py
[2026-01-13T00:27:38.672+0000] {logging_mixin.py:188} INFO - [2026-01-13T00:27:38.671+0000] {dag.py:3089} INFO - Sync 1 DAGs
[2026-01-13T00:27:39.308+0000] {logging_mixin.py:188} INFO - [2026-01-13T00:27:39.306+0000] {dag.py:3947} INFO - Setting next_dagrun for 00_create_schemas to None, run_after=None
[2026-01-13T00:27:39.757+0000] {processor.py:183} INFO - Processing /opt/airflow/dags/00_create_schemas_dag.py took 1.996 seconds
[2026-01-13T00:28:10.429+0000] {processor.py:161} INFO - Started process (PID=266) to work on /opt/airflow/dags/00_create_schemas_dag.py
[2026-01-13T00:28:10.432+0000] {processor.py:830} INFO - Processing file /opt/airflow/dags/00_create_schemas_dag.py for tasks to queue
[2026-01-13T00:28:10.437+0000] {logging_mixin.py:188} INFO - [2026-01-13T00:28:10.436+0000] {dagbag.py:545} INFO - Filling up the DagBag from /opt/airflow/dags/00_create_schemas_dag.py
[2026-01-13T00:28:10.457+0000] {logging_mixin.py:188} INFO - [2026-01-13T00:28:10.456+0000] {templater.py:93} ERROR - Failed to resolve template field 'sql'
Traceback (most recent call last):
  File "/home/airflow/.local/lib/python3.10/site-packages/airflow/template/templater.py", line 91, in resolve_template_files
    setattr(self, field, env.loader.get_source(env, content)[0])  # type: ignore
  File "/home/airflow/.local/lib/python3.10/site-packages/jinja2/loaders.py", line 207, in get_source
    raise TemplateNotFound(template)
jinja2.exceptions.TemplateNotFound: schemas/00_create_schemas.sql
[2026-01-13T00:28:10.465+0000] {processor.py:840} INFO - DAG(s) '00_create_schemas' retrieved from /opt/airflow/dags/00_create_schemas_dag.py
[2026-01-13T00:28:10.656+0000] {logging_mixin.py:188} INFO - [2026-01-13T00:28:10.656+0000] {dag.py:3089} INFO - Sync 1 DAGs
[2026-01-13T00:28:10.818+0000] {logging_mixin.py:188} INFO - [2026-01-13T00:28:10.818+0000] {dag.py:3947} INFO - Setting next_dagrun for 00_create_schemas to None, run_after=None
[2026-01-13T00:28:10.870+0000] {processor.py:183} INFO - Processing /opt/airflow/dags/00_create_schemas_dag.py took 0.455 seconds
[2026-01-13T00:28:40.906+0000] {processor.py:161} INFO - Started process (PID=276) to work on /opt/airflow/dags/00_create_schemas_dag.py
[2026-01-13T00:28:40.912+0000] {processor.py:830} INFO - Processing file /opt/airflow/dags/00_create_schemas_dag.py for tasks to queue
[2026-01-13T00:28:40.918+0000] {logging_mixin.py:188} INFO - [2026-01-13T00:28:40.917+0000] {dagbag.py:545} INFO - Filling up the DagBag from /opt/airflow/dags/00_create_schemas_dag.py
[2026-01-13T00:28:41.000+0000] {logging_mixin.py:188} INFO - [2026-01-13T00:28:40.998+0000] {templater.py:93} ERROR - Failed to resolve template field 'sql'
Traceback (most recent call last):
  File "/home/airflow/.local/lib/python3.10/site-packages/airflow/template/templater.py", line 91, in resolve_template_files
    setattr(self, field, env.loader.get_source(env, content)[0])  # type: ignore
  File "/home/airflow/.local/lib/python3.10/site-packages/jinja2/loaders.py", line 207, in get_source
    raise TemplateNotFound(template)
jinja2.exceptions.TemplateNotFound: schemas/00_create_schemas.sql
[2026-01-13T00:28:41.015+0000] {processor.py:840} INFO - DAG(s) '00_create_schemas' retrieved from /opt/airflow/dags/00_create_schemas_dag.py
[2026-01-13T00:28:41.123+0000] {logging_mixin.py:188} INFO - [2026-01-13T00:28:41.122+0000] {dag.py:3089} INFO - Sync 1 DAGs
[2026-01-13T00:28:41.152+0000] {logging_mixin.py:188} INFO - [2026-01-13T00:28:41.152+0000] {dag.py:3947} INFO - Setting next_dagrun for 00_create_schemas to None, run_after=None
[2026-01-13T00:28:41.205+0000] {processor.py:183} INFO - Processing /opt/airflow/dags/00_create_schemas_dag.py took 0.437 seconds
[2026-01-13T00:28:51.416+0000] {processor.py:161} INFO - Started process (PID=281) to work on /opt/airflow/dags/00_create_schemas_dag.py
[2026-01-13T00:28:51.418+0000] {processor.py:830} INFO - Processing file /opt/airflow/dags/00_create_schemas_dag.py for tasks to queue
[2026-01-13T00:28:51.423+0000] {logging_mixin.py:188} INFO - [2026-01-13T00:28:51.422+0000] {dagbag.py:545} INFO - Filling up the DagBag from /opt/airflow/dags/00_create_schemas_dag.py
[2026-01-13T00:28:51.481+0000] {logging_mixin.py:188} INFO - [2026-01-13T00:28:51.476+0000] {templater.py:93} ERROR - Failed to resolve template field 'sql'
Traceback (most recent call last):
  File "/home/airflow/.local/lib/python3.10/site-packages/airflow/template/templater.py", line 91, in resolve_template_files
    setattr(self, field, env.loader.get_source(env, content)[0])  # type: ignore
  File "/home/airflow/.local/lib/python3.10/site-packages/jinja2/loaders.py", line 207, in get_source
    raise TemplateNotFound(template)
jinja2.exceptions.TemplateNotFound: sql/schemas/00_create_schemas.sql
[2026-01-13T00:28:51.492+0000] {processor.py:840} INFO - DAG(s) '00_create_schemas' retrieved from /opt/airflow/dags/00_create_schemas_dag.py
[2026-01-13T00:28:51.974+0000] {logging_mixin.py:188} INFO - [2026-01-13T00:28:51.972+0000] {dag.py:3089} INFO - Sync 1 DAGs
[2026-01-13T00:28:52.040+0000] {logging_mixin.py:188} INFO - [2026-01-13T00:28:52.040+0000] {dag.py:3947} INFO - Setting next_dagrun for 00_create_schemas to None, run_after=None
[2026-01-13T00:28:52.189+0000] {processor.py:183} INFO - Processing /opt/airflow/dags/00_create_schemas_dag.py took 0.817 seconds
[2026-01-13T00:29:22.903+0000] {processor.py:161} INFO - Started process (PID=292) to work on /opt/airflow/dags/00_create_schemas_dag.py
[2026-01-13T00:29:22.957+0000] {processor.py:830} INFO - Processing file /opt/airflow/dags/00_create_schemas_dag.py for tasks to queue
[2026-01-13T00:29:22.975+0000] {logging_mixin.py:188} INFO - [2026-01-13T00:29:22.971+0000] {dagbag.py:545} INFO - Filling up the DagBag from /opt/airflow/dags/00_create_schemas_dag.py
[2026-01-13T00:29:23.183+0000] {logging_mixin.py:188} INFO - [2026-01-13T00:29:23.182+0000] {templater.py:93} ERROR - Failed to resolve template field 'sql'
Traceback (most recent call last):
  File "/home/airflow/.local/lib/python3.10/site-packages/airflow/template/templater.py", line 91, in resolve_template_files
    setattr(self, field, env.loader.get_source(env, content)[0])  # type: ignore
  File "/home/airflow/.local/lib/python3.10/site-packages/jinja2/loaders.py", line 207, in get_source
    raise TemplateNotFound(template)
jinja2.exceptions.TemplateNotFound: sql/schemas/00_create_schemas.sql
[2026-01-13T00:29:23.202+0000] {processor.py:840} INFO - DAG(s) '00_create_schemas' retrieved from /opt/airflow/dags/00_create_schemas_dag.py
[2026-01-13T00:29:23.363+0000] {logging_mixin.py:188} INFO - [2026-01-13T00:29:23.362+0000] {dag.py:3089} INFO - Sync 1 DAGs
[2026-01-13T00:29:23.417+0000] {logging_mixin.py:188} INFO - [2026-01-13T00:29:23.416+0000] {dag.py:3947} INFO - Setting next_dagrun for 00_create_schemas to None, run_after=None
[2026-01-13T00:29:23.501+0000] {processor.py:183} INFO - Processing /opt/airflow/dags/00_create_schemas_dag.py took 0.730 seconds
[2026-01-13T00:29:54.104+0000] {processor.py:161} INFO - Started process (PID=303) to work on /opt/airflow/dags/00_create_schemas_dag.py
[2026-01-13T00:29:54.108+0000] {processor.py:830} INFO - Processing file /opt/airflow/dags/00_create_schemas_dag.py for tasks to queue
[2026-01-13T00:29:54.113+0000] {logging_mixin.py:188} INFO - [2026-01-13T00:29:54.113+0000] {dagbag.py:545} INFO - Filling up the DagBag from /opt/airflow/dags/00_create_schemas_dag.py
[2026-01-13T00:29:54.138+0000] {logging_mixin.py:188} INFO - [2026-01-13T00:29:54.137+0000] {templater.py:93} ERROR - Failed to resolve template field 'sql'
Traceback (most recent call last):
  File "/home/airflow/.local/lib/python3.10/site-packages/airflow/template/templater.py", line 91, in resolve_template_files
    setattr(self, field, env.loader.get_source(env, content)[0])  # type: ignore
  File "/home/airflow/.local/lib/python3.10/site-packages/jinja2/loaders.py", line 207, in get_source
    raise TemplateNotFound(template)
jinja2.exceptions.TemplateNotFound: sql/schemas/00_create_schemas.sql
[2026-01-13T00:29:54.157+0000] {processor.py:840} INFO - DAG(s) '00_create_schemas' retrieved from /opt/airflow/dags/00_create_schemas_dag.py
[2026-01-13T00:29:54.213+0000] {logging_mixin.py:188} INFO - [2026-01-13T00:29:54.213+0000] {dag.py:3089} INFO - Sync 1 DAGs
[2026-01-13T00:29:54.236+0000] {logging_mixin.py:188} INFO - [2026-01-13T00:29:54.236+0000] {dag.py:3947} INFO - Setting next_dagrun for 00_create_schemas to None, run_after=None
[2026-01-13T00:29:54.282+0000] {processor.py:183} INFO - Processing /opt/airflow/dags/00_create_schemas_dag.py took 0.189 seconds
[2026-01-13T00:30:24.739+0000] {processor.py:161} INFO - Started process (PID=313) to work on /opt/airflow/dags/00_create_schemas_dag.py
[2026-01-13T00:30:24.742+0000] {processor.py:830} INFO - Processing file /opt/airflow/dags/00_create_schemas_dag.py for tasks to queue
[2026-01-13T00:30:24.750+0000] {logging_mixin.py:188} INFO - [2026-01-13T00:30:24.749+0000] {dagbag.py:545} INFO - Filling up the DagBag from /opt/airflow/dags/00_create_schemas_dag.py
[2026-01-13T00:30:24.778+0000] {logging_mixin.py:188} INFO - [2026-01-13T00:30:24.774+0000] {templater.py:93} ERROR - Failed to resolve template field 'sql'
Traceback (most recent call last):
  File "/home/airflow/.local/lib/python3.10/site-packages/airflow/template/templater.py", line 91, in resolve_template_files
    setattr(self, field, env.loader.get_source(env, content)[0])  # type: ignore
  File "/home/airflow/.local/lib/python3.10/site-packages/jinja2/loaders.py", line 207, in get_source
    raise TemplateNotFound(template)
jinja2.exceptions.TemplateNotFound: sql/schemas/00_create_schemas.sql
[2026-01-13T00:30:24.795+0000] {processor.py:840} INFO - DAG(s) '00_create_schemas' retrieved from /opt/airflow/dags/00_create_schemas_dag.py
[2026-01-13T00:30:24.885+0000] {logging_mixin.py:188} INFO - [2026-01-13T00:30:24.884+0000] {dag.py:3089} INFO - Sync 1 DAGs
[2026-01-13T00:30:24.932+0000] {logging_mixin.py:188} INFO - [2026-01-13T00:30:24.931+0000] {dag.py:3947} INFO - Setting next_dagrun for 00_create_schemas to None, run_after=None
[2026-01-13T00:30:25.003+0000] {processor.py:183} INFO - Processing /opt/airflow/dags/00_create_schemas_dag.py took 0.287 seconds
[2026-01-13T00:30:53.075+0000] {processor.py:161} INFO - Started process (PID=323) to work on /opt/airflow/dags/00_create_schemas_dag.py
[2026-01-13T00:30:53.085+0000] {processor.py:830} INFO - Processing file /opt/airflow/dags/00_create_schemas_dag.py for tasks to queue
[2026-01-13T00:30:53.097+0000] {logging_mixin.py:188} INFO - [2026-01-13T00:30:53.096+0000] {dagbag.py:545} INFO - Filling up the DagBag from /opt/airflow/dags/00_create_schemas_dag.py
[2026-01-13T00:30:53.263+0000] {logging_mixin.py:188} INFO - [2026-01-13T00:30:53.253+0000] {templater.py:93} ERROR - Failed to resolve template field 'sql'
Traceback (most recent call last):
  File "/home/airflow/.local/lib/python3.10/site-packages/airflow/template/templater.py", line 91, in resolve_template_files
    setattr(self, field, env.loader.get_source(env, content)[0])  # type: ignore
  File "/home/airflow/.local/lib/python3.10/site-packages/jinja2/loaders.py", line 207, in get_source
    raise TemplateNotFound(template)
jinja2.exceptions.TemplateNotFound: /opt/airflow/dags/sql/schemas/00_create_schemas.sql
[2026-01-13T00:30:53.307+0000] {processor.py:840} INFO - DAG(s) '00_create_schemas' retrieved from /opt/airflow/dags/00_create_schemas_dag.py
[2026-01-13T00:30:53.674+0000] {logging_mixin.py:188} INFO - [2026-01-13T00:30:53.674+0000] {dag.py:3089} INFO - Sync 1 DAGs
[2026-01-13T00:30:53.701+0000] {logging_mixin.py:188} INFO - [2026-01-13T00:30:53.700+0000] {dag.py:3947} INFO - Setting next_dagrun for 00_create_schemas to None, run_after=None
[2026-01-13T00:30:53.751+0000] {processor.py:183} INFO - Processing /opt/airflow/dags/00_create_schemas_dag.py took 0.691 seconds
[2026-01-13T00:31:24.140+0000] {processor.py:161} INFO - Started process (PID=335) to work on /opt/airflow/dags/00_create_schemas_dag.py
[2026-01-13T00:31:24.148+0000] {processor.py:830} INFO - Processing file /opt/airflow/dags/00_create_schemas_dag.py for tasks to queue
[2026-01-13T00:31:24.164+0000] {logging_mixin.py:188} INFO - [2026-01-13T00:31:24.161+0000] {dagbag.py:545} INFO - Filling up the DagBag from /opt/airflow/dags/00_create_schemas_dag.py
[2026-01-13T00:31:24.295+0000] {logging_mixin.py:188} INFO - [2026-01-13T00:31:24.286+0000] {templater.py:93} ERROR - Failed to resolve template field 'sql'
Traceback (most recent call last):
  File "/home/airflow/.local/lib/python3.10/site-packages/airflow/template/templater.py", line 91, in resolve_template_files
    setattr(self, field, env.loader.get_source(env, content)[0])  # type: ignore
  File "/home/airflow/.local/lib/python3.10/site-packages/jinja2/loaders.py", line 207, in get_source
    raise TemplateNotFound(template)
jinja2.exceptions.TemplateNotFound: /opt/airflow/dags/sql/schemas/00_create_schemas.sql
[2026-01-13T00:31:24.321+0000] {processor.py:840} INFO - DAG(s) '00_create_schemas' retrieved from /opt/airflow/dags/00_create_schemas_dag.py
[2026-01-13T00:31:24.436+0000] {logging_mixin.py:188} INFO - [2026-01-13T00:31:24.435+0000] {dag.py:3089} INFO - Sync 1 DAGs
[2026-01-13T00:31:24.475+0000] {logging_mixin.py:188} INFO - [2026-01-13T00:31:24.474+0000] {dag.py:3947} INFO - Setting next_dagrun for 00_create_schemas to None, run_after=None
[2026-01-13T00:31:24.519+0000] {processor.py:183} INFO - Processing /opt/airflow/dags/00_create_schemas_dag.py took 0.397 seconds
[2026-01-13T00:31:55.218+0000] {processor.py:161} INFO - Started process (PID=345) to work on /opt/airflow/dags/00_create_schemas_dag.py
[2026-01-13T00:31:55.219+0000] {processor.py:830} INFO - Processing file /opt/airflow/dags/00_create_schemas_dag.py for tasks to queue
[2026-01-13T00:31:55.223+0000] {logging_mixin.py:188} INFO - [2026-01-13T00:31:55.222+0000] {dagbag.py:545} INFO - Filling up the DagBag from /opt/airflow/dags/00_create_schemas_dag.py
[2026-01-13T00:31:55.251+0000] {logging_mixin.py:188} INFO - [2026-01-13T00:31:55.249+0000] {templater.py:93} ERROR - Failed to resolve template field 'sql'
Traceback (most recent call last):
  File "/home/airflow/.local/lib/python3.10/site-packages/airflow/template/templater.py", line 91, in resolve_template_files
    setattr(self, field, env.loader.get_source(env, content)[0])  # type: ignore
  File "/home/airflow/.local/lib/python3.10/site-packages/jinja2/loaders.py", line 207, in get_source
    raise TemplateNotFound(template)
jinja2.exceptions.TemplateNotFound: /opt/airflow/dags/sql/schemas/00_create_schemas.sql
[2026-01-13T00:31:55.260+0000] {processor.py:840} INFO - DAG(s) '00_create_schemas' retrieved from /opt/airflow/dags/00_create_schemas_dag.py
[2026-01-13T00:31:55.368+0000] {logging_mixin.py:188} INFO - [2026-01-13T00:31:55.367+0000] {dag.py:3089} INFO - Sync 1 DAGs
[2026-01-13T00:31:55.556+0000] {logging_mixin.py:188} INFO - [2026-01-13T00:31:55.555+0000] {dag.py:3947} INFO - Setting next_dagrun for 00_create_schemas to None, run_after=None
[2026-01-13T00:31:55.656+0000] {processor.py:183} INFO - Processing /opt/airflow/dags/00_create_schemas_dag.py took 0.454 seconds
[2026-01-13T00:32:25.869+0000] {processor.py:161} INFO - Started process (PID=355) to work on /opt/airflow/dags/00_create_schemas_dag.py
[2026-01-13T00:32:25.871+0000] {processor.py:830} INFO - Processing file /opt/airflow/dags/00_create_schemas_dag.py for tasks to queue
[2026-01-13T00:32:25.874+0000] {logging_mixin.py:188} INFO - [2026-01-13T00:32:25.873+0000] {dagbag.py:545} INFO - Filling up the DagBag from /opt/airflow/dags/00_create_schemas_dag.py
[2026-01-13T00:32:25.893+0000] {logging_mixin.py:188} INFO - [2026-01-13T00:32:25.892+0000] {templater.py:93} ERROR - Failed to resolve template field 'sql'
Traceback (most recent call last):
  File "/home/airflow/.local/lib/python3.10/site-packages/airflow/template/templater.py", line 91, in resolve_template_files
    setattr(self, field, env.loader.get_source(env, content)[0])  # type: ignore
  File "/home/airflow/.local/lib/python3.10/site-packages/jinja2/loaders.py", line 207, in get_source
    raise TemplateNotFound(template)
jinja2.exceptions.TemplateNotFound: /opt/airflow/dags/sql/schemas/00_create_schemas.sql
[2026-01-13T00:32:25.900+0000] {processor.py:840} INFO - DAG(s) '00_create_schemas' retrieved from /opt/airflow/dags/00_create_schemas_dag.py
[2026-01-13T00:32:25.955+0000] {logging_mixin.py:188} INFO - [2026-01-13T00:32:25.955+0000] {dag.py:3089} INFO - Sync 1 DAGs
[2026-01-13T00:32:25.978+0000] {logging_mixin.py:188} INFO - [2026-01-13T00:32:25.977+0000] {dag.py:3947} INFO - Setting next_dagrun for 00_create_schemas to None, run_after=None
[2026-01-13T00:32:26.013+0000] {processor.py:183} INFO - Processing /opt/airflow/dags/00_create_schemas_dag.py took 0.158 seconds
[2026-01-13T00:32:56.371+0000] {processor.py:161} INFO - Started process (PID=365) to work on /opt/airflow/dags/00_create_schemas_dag.py
[2026-01-13T00:32:56.373+0000] {processor.py:830} INFO - Processing file /opt/airflow/dags/00_create_schemas_dag.py for tasks to queue
[2026-01-13T00:32:56.377+0000] {logging_mixin.py:188} INFO - [2026-01-13T00:32:56.376+0000] {dagbag.py:545} INFO - Filling up the DagBag from /opt/airflow/dags/00_create_schemas_dag.py
[2026-01-13T00:32:56.398+0000] {logging_mixin.py:188} INFO - [2026-01-13T00:32:56.395+0000] {templater.py:93} ERROR - Failed to resolve template field 'sql'
Traceback (most recent call last):
  File "/home/airflow/.local/lib/python3.10/site-packages/airflow/template/templater.py", line 91, in resolve_template_files
    setattr(self, field, env.loader.get_source(env, content)[0])  # type: ignore
  File "/home/airflow/.local/lib/python3.10/site-packages/jinja2/loaders.py", line 207, in get_source
    raise TemplateNotFound(template)
jinja2.exceptions.TemplateNotFound: /opt/airflow/dags/sql/schemas/00_create_schemas.sql
[2026-01-13T00:32:56.408+0000] {processor.py:840} INFO - DAG(s) '00_create_schemas' retrieved from /opt/airflow/dags/00_create_schemas_dag.py
[2026-01-13T00:32:56.470+0000] {logging_mixin.py:188} INFO - [2026-01-13T00:32:56.470+0000] {dag.py:3089} INFO - Sync 1 DAGs
[2026-01-13T00:32:56.493+0000] {logging_mixin.py:188} INFO - [2026-01-13T00:32:56.492+0000] {dag.py:3947} INFO - Setting next_dagrun for 00_create_schemas to None, run_after=None
[2026-01-13T00:32:56.580+0000] {processor.py:183} INFO - Processing /opt/airflow/dags/00_create_schemas_dag.py took 0.229 seconds
[2026-01-13T00:33:27.055+0000] {processor.py:161} INFO - Started process (PID=375) to work on /opt/airflow/dags/00_create_schemas_dag.py
[2026-01-13T00:33:27.057+0000] {processor.py:830} INFO - Processing file /opt/airflow/dags/00_create_schemas_dag.py for tasks to queue
[2026-01-13T00:33:27.061+0000] {logging_mixin.py:188} INFO - [2026-01-13T00:33:27.060+0000] {dagbag.py:545} INFO - Filling up the DagBag from /opt/airflow/dags/00_create_schemas_dag.py
[2026-01-13T00:33:27.105+0000] {logging_mixin.py:188} INFO - [2026-01-13T00:33:27.103+0000] {templater.py:93} ERROR - Failed to resolve template field 'sql'
Traceback (most recent call last):
  File "/home/airflow/.local/lib/python3.10/site-packages/airflow/template/templater.py", line 91, in resolve_template_files
    setattr(self, field, env.loader.get_source(env, content)[0])  # type: ignore
  File "/home/airflow/.local/lib/python3.10/site-packages/jinja2/loaders.py", line 207, in get_source
    raise TemplateNotFound(template)
jinja2.exceptions.TemplateNotFound: /opt/airflow/dags/sql/schemas/00_create_schemas.sql
[2026-01-13T00:33:27.119+0000] {processor.py:840} INFO - DAG(s) '00_create_schemas' retrieved from /opt/airflow/dags/00_create_schemas_dag.py
[2026-01-13T00:33:27.207+0000] {logging_mixin.py:188} INFO - [2026-01-13T00:33:27.206+0000] {dag.py:3089} INFO - Sync 1 DAGs
[2026-01-13T00:33:27.253+0000] {logging_mixin.py:188} INFO - [2026-01-13T00:33:27.252+0000] {dag.py:3947} INFO - Setting next_dagrun for 00_create_schemas to None, run_after=None
[2026-01-13T00:33:27.335+0000] {processor.py:183} INFO - Processing /opt/airflow/dags/00_create_schemas_dag.py took 0.290 seconds
[2026-01-13T00:33:57.448+0000] {processor.py:161} INFO - Started process (PID=385) to work on /opt/airflow/dags/00_create_schemas_dag.py
[2026-01-13T00:33:57.450+0000] {processor.py:830} INFO - Processing file /opt/airflow/dags/00_create_schemas_dag.py for tasks to queue
[2026-01-13T00:33:57.455+0000] {logging_mixin.py:188} INFO - [2026-01-13T00:33:57.454+0000] {dagbag.py:545} INFO - Filling up the DagBag from /opt/airflow/dags/00_create_schemas_dag.py
[2026-01-13T00:33:57.481+0000] {logging_mixin.py:188} INFO - [2026-01-13T00:33:57.480+0000] {templater.py:93} ERROR - Failed to resolve template field 'sql'
Traceback (most recent call last):
  File "/home/airflow/.local/lib/python3.10/site-packages/airflow/template/templater.py", line 91, in resolve_template_files
    setattr(self, field, env.loader.get_source(env, content)[0])  # type: ignore
  File "/home/airflow/.local/lib/python3.10/site-packages/jinja2/loaders.py", line 207, in get_source
    raise TemplateNotFound(template)
jinja2.exceptions.TemplateNotFound: /opt/airflow/dags/sql/schemas/00_create_schemas.sql
[2026-01-13T00:33:57.491+0000] {processor.py:840} INFO - DAG(s) '00_create_schemas' retrieved from /opt/airflow/dags/00_create_schemas_dag.py
[2026-01-13T00:33:57.620+0000] {logging_mixin.py:188} INFO - [2026-01-13T00:33:57.620+0000] {dag.py:3089} INFO - Sync 1 DAGs
[2026-01-13T00:33:57.660+0000] {logging_mixin.py:188} INFO - [2026-01-13T00:33:57.659+0000] {dag.py:3947} INFO - Setting next_dagrun for 00_create_schemas to None, run_after=None
[2026-01-13T00:33:57.795+0000] {processor.py:183} INFO - Processing /opt/airflow/dags/00_create_schemas_dag.py took 0.362 seconds
[2026-01-13T00:34:28.363+0000] {processor.py:161} INFO - Started process (PID=395) to work on /opt/airflow/dags/00_create_schemas_dag.py
[2026-01-13T00:34:28.374+0000] {processor.py:830} INFO - Processing file /opt/airflow/dags/00_create_schemas_dag.py for tasks to queue
[2026-01-13T00:34:28.384+0000] {logging_mixin.py:188} INFO - [2026-01-13T00:34:28.382+0000] {dagbag.py:545} INFO - Filling up the DagBag from /opt/airflow/dags/00_create_schemas_dag.py
[2026-01-13T00:34:28.435+0000] {logging_mixin.py:188} INFO - [2026-01-13T00:34:28.429+0000] {templater.py:93} ERROR - Failed to resolve template field 'sql'
Traceback (most recent call last):
  File "/home/airflow/.local/lib/python3.10/site-packages/airflow/template/templater.py", line 91, in resolve_template_files
    setattr(self, field, env.loader.get_source(env, content)[0])  # type: ignore
  File "/home/airflow/.local/lib/python3.10/site-packages/jinja2/loaders.py", line 207, in get_source
    raise TemplateNotFound(template)
jinja2.exceptions.TemplateNotFound: /opt/airflow/dags/sql/schemas/00_create_schemas.sql
[2026-01-13T00:34:28.453+0000] {processor.py:840} INFO - DAG(s) '00_create_schemas' retrieved from /opt/airflow/dags/00_create_schemas_dag.py
[2026-01-13T00:34:28.541+0000] {logging_mixin.py:188} INFO - [2026-01-13T00:34:28.541+0000] {dag.py:3089} INFO - Sync 1 DAGs
[2026-01-13T00:34:28.605+0000] {logging_mixin.py:188} INFO - [2026-01-13T00:34:28.584+0000] {dag.py:3947} INFO - Setting next_dagrun for 00_create_schemas to None, run_after=None
[2026-01-13T00:34:28.743+0000] {processor.py:183} INFO - Processing /opt/airflow/dags/00_create_schemas_dag.py took 0.432 seconds
[2026-01-13T00:34:59.378+0000] {processor.py:161} INFO - Started process (PID=405) to work on /opt/airflow/dags/00_create_schemas_dag.py
[2026-01-13T00:34:59.380+0000] {processor.py:830} INFO - Processing file /opt/airflow/dags/00_create_schemas_dag.py for tasks to queue
[2026-01-13T00:34:59.383+0000] {logging_mixin.py:188} INFO - [2026-01-13T00:34:59.382+0000] {dagbag.py:545} INFO - Filling up the DagBag from /opt/airflow/dags/00_create_schemas_dag.py
[2026-01-13T00:34:59.418+0000] {logging_mixin.py:188} INFO - [2026-01-13T00:34:59.417+0000] {templater.py:93} ERROR - Failed to resolve template field 'sql'
Traceback (most recent call last):
  File "/home/airflow/.local/lib/python3.10/site-packages/airflow/template/templater.py", line 91, in resolve_template_files
    setattr(self, field, env.loader.get_source(env, content)[0])  # type: ignore
  File "/home/airflow/.local/lib/python3.10/site-packages/jinja2/loaders.py", line 207, in get_source
    raise TemplateNotFound(template)
jinja2.exceptions.TemplateNotFound: /opt/airflow/dags/sql/schemas/00_create_schemas.sql
[2026-01-13T00:34:59.426+0000] {processor.py:840} INFO - DAG(s) '00_create_schemas' retrieved from /opt/airflow/dags/00_create_schemas_dag.py
[2026-01-13T00:34:59.489+0000] {logging_mixin.py:188} INFO - [2026-01-13T00:34:59.489+0000] {dag.py:3089} INFO - Sync 1 DAGs
[2026-01-13T00:34:59.511+0000] {logging_mixin.py:188} INFO - [2026-01-13T00:34:59.511+0000] {dag.py:3947} INFO - Setting next_dagrun for 00_create_schemas to None, run_after=None
[2026-01-13T00:34:59.550+0000] {processor.py:183} INFO - Processing /opt/airflow/dags/00_create_schemas_dag.py took 0.184 seconds
[2026-01-13T00:35:29.946+0000] {processor.py:161} INFO - Started process (PID=415) to work on /opt/airflow/dags/00_create_schemas_dag.py
[2026-01-13T00:35:29.948+0000] {processor.py:830} INFO - Processing file /opt/airflow/dags/00_create_schemas_dag.py for tasks to queue
[2026-01-13T00:35:29.951+0000] {logging_mixin.py:188} INFO - [2026-01-13T00:35:29.950+0000] {dagbag.py:545} INFO - Filling up the DagBag from /opt/airflow/dags/00_create_schemas_dag.py
[2026-01-13T00:35:29.969+0000] {logging_mixin.py:188} INFO - [2026-01-13T00:35:29.968+0000] {templater.py:93} ERROR - Failed to resolve template field 'sql'
Traceback (most recent call last):
  File "/home/airflow/.local/lib/python3.10/site-packages/airflow/template/templater.py", line 91, in resolve_template_files
    setattr(self, field, env.loader.get_source(env, content)[0])  # type: ignore
  File "/home/airflow/.local/lib/python3.10/site-packages/jinja2/loaders.py", line 207, in get_source
    raise TemplateNotFound(template)
jinja2.exceptions.TemplateNotFound: /opt/airflow/dags/sql/schemas/00_create_schemas.sql
[2026-01-13T00:35:29.985+0000] {processor.py:840} INFO - DAG(s) '00_create_schemas' retrieved from /opt/airflow/dags/00_create_schemas_dag.py
[2026-01-13T00:35:30.041+0000] {logging_mixin.py:188} INFO - [2026-01-13T00:35:30.041+0000] {dag.py:3089} INFO - Sync 1 DAGs
[2026-01-13T00:35:30.062+0000] {logging_mixin.py:188} INFO - [2026-01-13T00:35:30.062+0000] {dag.py:3947} INFO - Setting next_dagrun for 00_create_schemas to None, run_after=None
[2026-01-13T00:35:30.098+0000] {processor.py:183} INFO - Processing /opt/airflow/dags/00_create_schemas_dag.py took 0.162 seconds
[2026-01-13T00:36:00.518+0000] {processor.py:161} INFO - Started process (PID=425) to work on /opt/airflow/dags/00_create_schemas_dag.py
[2026-01-13T00:36:00.520+0000] {processor.py:830} INFO - Processing file /opt/airflow/dags/00_create_schemas_dag.py for tasks to queue
[2026-01-13T00:36:00.524+0000] {logging_mixin.py:188} INFO - [2026-01-13T00:36:00.523+0000] {dagbag.py:545} INFO - Filling up the DagBag from /opt/airflow/dags/00_create_schemas_dag.py
[2026-01-13T00:36:00.550+0000] {logging_mixin.py:188} INFO - [2026-01-13T00:36:00.549+0000] {templater.py:93} ERROR - Failed to resolve template field 'sql'
Traceback (most recent call last):
  File "/home/airflow/.local/lib/python3.10/site-packages/airflow/template/templater.py", line 91, in resolve_template_files
    setattr(self, field, env.loader.get_source(env, content)[0])  # type: ignore
  File "/home/airflow/.local/lib/python3.10/site-packages/jinja2/loaders.py", line 207, in get_source
    raise TemplateNotFound(template)
jinja2.exceptions.TemplateNotFound: /opt/airflow/dags/sql/schemas/00_create_schemas.sql
[2026-01-13T00:36:00.558+0000] {processor.py:840} INFO - DAG(s) '00_create_schemas' retrieved from /opt/airflow/dags/00_create_schemas_dag.py
[2026-01-13T00:36:00.694+0000] {logging_mixin.py:188} INFO - [2026-01-13T00:36:00.693+0000] {dag.py:3089} INFO - Sync 1 DAGs
[2026-01-13T00:36:00.817+0000] {logging_mixin.py:188} INFO - [2026-01-13T00:36:00.817+0000] {dag.py:3947} INFO - Setting next_dagrun for 00_create_schemas to None, run_after=None
[2026-01-13T00:36:00.926+0000] {processor.py:183} INFO - Processing /opt/airflow/dags/00_create_schemas_dag.py took 0.422 seconds
[2026-01-13T00:36:31.258+0000] {processor.py:161} INFO - Started process (PID=435) to work on /opt/airflow/dags/00_create_schemas_dag.py
[2026-01-13T00:36:31.260+0000] {processor.py:830} INFO - Processing file /opt/airflow/dags/00_create_schemas_dag.py for tasks to queue
[2026-01-13T00:36:31.264+0000] {logging_mixin.py:188} INFO - [2026-01-13T00:36:31.263+0000] {dagbag.py:545} INFO - Filling up the DagBag from /opt/airflow/dags/00_create_schemas_dag.py
[2026-01-13T00:36:31.284+0000] {logging_mixin.py:188} INFO - [2026-01-13T00:36:31.283+0000] {templater.py:93} ERROR - Failed to resolve template field 'sql'
Traceback (most recent call last):
  File "/home/airflow/.local/lib/python3.10/site-packages/airflow/template/templater.py", line 91, in resolve_template_files
    setattr(self, field, env.loader.get_source(env, content)[0])  # type: ignore
  File "/home/airflow/.local/lib/python3.10/site-packages/jinja2/loaders.py", line 207, in get_source
    raise TemplateNotFound(template)
jinja2.exceptions.TemplateNotFound: /opt/airflow/dags/sql/schemas/00_create_schemas.sql
[2026-01-13T00:36:31.292+0000] {processor.py:840} INFO - DAG(s) '00_create_schemas' retrieved from /opt/airflow/dags/00_create_schemas_dag.py
[2026-01-13T00:36:31.348+0000] {logging_mixin.py:188} INFO - [2026-01-13T00:36:31.348+0000] {dag.py:3089} INFO - Sync 1 DAGs
[2026-01-13T00:36:31.389+0000] {logging_mixin.py:188} INFO - [2026-01-13T00:36:31.388+0000] {dag.py:3947} INFO - Setting next_dagrun for 00_create_schemas to None, run_after=None
[2026-01-13T00:36:31.438+0000] {processor.py:183} INFO - Processing /opt/airflow/dags/00_create_schemas_dag.py took 0.205 seconds
[2026-01-13T00:37:02.027+0000] {processor.py:161} INFO - Started process (PID=445) to work on /opt/airflow/dags/00_create_schemas_dag.py
[2026-01-13T00:37:02.029+0000] {processor.py:830} INFO - Processing file /opt/airflow/dags/00_create_schemas_dag.py for tasks to queue
[2026-01-13T00:37:02.033+0000] {logging_mixin.py:188} INFO - [2026-01-13T00:37:02.032+0000] {dagbag.py:545} INFO - Filling up the DagBag from /opt/airflow/dags/00_create_schemas_dag.py
[2026-01-13T00:37:02.056+0000] {logging_mixin.py:188} INFO - [2026-01-13T00:37:02.054+0000] {templater.py:93} ERROR - Failed to resolve template field 'sql'
Traceback (most recent call last):
  File "/home/airflow/.local/lib/python3.10/site-packages/airflow/template/templater.py", line 91, in resolve_template_files
    setattr(self, field, env.loader.get_source(env, content)[0])  # type: ignore
  File "/home/airflow/.local/lib/python3.10/site-packages/jinja2/loaders.py", line 207, in get_source
    raise TemplateNotFound(template)
jinja2.exceptions.TemplateNotFound: /opt/airflow/dags/sql/schemas/00_create_schemas.sql
[2026-01-13T00:37:02.068+0000] {processor.py:840} INFO - DAG(s) '00_create_schemas' retrieved from /opt/airflow/dags/00_create_schemas_dag.py
[2026-01-13T00:37:02.176+0000] {logging_mixin.py:188} INFO - [2026-01-13T00:37:02.175+0000] {dag.py:3089} INFO - Sync 1 DAGs
[2026-01-13T00:37:02.252+0000] {logging_mixin.py:188} INFO - [2026-01-13T00:37:02.251+0000] {dag.py:3947} INFO - Setting next_dagrun for 00_create_schemas to None, run_after=None
[2026-01-13T00:37:02.381+0000] {processor.py:183} INFO - Processing /opt/airflow/dags/00_create_schemas_dag.py took 0.364 seconds
[2026-01-13T00:37:32.866+0000] {processor.py:161} INFO - Started process (PID=455) to work on /opt/airflow/dags/00_create_schemas_dag.py
[2026-01-13T00:37:32.869+0000] {processor.py:830} INFO - Processing file /opt/airflow/dags/00_create_schemas_dag.py for tasks to queue
[2026-01-13T00:37:32.873+0000] {logging_mixin.py:188} INFO - [2026-01-13T00:37:32.872+0000] {dagbag.py:545} INFO - Filling up the DagBag from /opt/airflow/dags/00_create_schemas_dag.py
[2026-01-13T00:37:32.901+0000] {logging_mixin.py:188} INFO - [2026-01-13T00:37:32.899+0000] {templater.py:93} ERROR - Failed to resolve template field 'sql'
Traceback (most recent call last):
  File "/home/airflow/.local/lib/python3.10/site-packages/airflow/template/templater.py", line 91, in resolve_template_files
    setattr(self, field, env.loader.get_source(env, content)[0])  # type: ignore
  File "/home/airflow/.local/lib/python3.10/site-packages/jinja2/loaders.py", line 207, in get_source
    raise TemplateNotFound(template)
jinja2.exceptions.TemplateNotFound: /opt/airflow/dags/sql/schemas/00_create_schemas.sql
[2026-01-13T00:37:32.915+0000] {processor.py:840} INFO - DAG(s) '00_create_schemas' retrieved from /opt/airflow/dags/00_create_schemas_dag.py
[2026-01-13T00:37:32.984+0000] {logging_mixin.py:188} INFO - [2026-01-13T00:37:32.983+0000] {dag.py:3089} INFO - Sync 1 DAGs
[2026-01-13T00:37:33.009+0000] {logging_mixin.py:188} INFO - [2026-01-13T00:37:33.009+0000] {dag.py:3947} INFO - Setting next_dagrun for 00_create_schemas to None, run_after=None
[2026-01-13T00:37:33.061+0000] {processor.py:183} INFO - Processing /opt/airflow/dags/00_create_schemas_dag.py took 0.209 seconds
[2026-01-13T00:38:03.423+0000] {processor.py:161} INFO - Started process (PID=465) to work on /opt/airflow/dags/00_create_schemas_dag.py
[2026-01-13T00:38:03.424+0000] {processor.py:830} INFO - Processing file /opt/airflow/dags/00_create_schemas_dag.py for tasks to queue
[2026-01-13T00:38:03.428+0000] {logging_mixin.py:188} INFO - [2026-01-13T00:38:03.427+0000] {dagbag.py:545} INFO - Filling up the DagBag from /opt/airflow/dags/00_create_schemas_dag.py
[2026-01-13T00:38:03.446+0000] {logging_mixin.py:188} INFO - [2026-01-13T00:38:03.445+0000] {templater.py:93} ERROR - Failed to resolve template field 'sql'
Traceback (most recent call last):
  File "/home/airflow/.local/lib/python3.10/site-packages/airflow/template/templater.py", line 91, in resolve_template_files
    setattr(self, field, env.loader.get_source(env, content)[0])  # type: ignore
  File "/home/airflow/.local/lib/python3.10/site-packages/jinja2/loaders.py", line 207, in get_source
    raise TemplateNotFound(template)
jinja2.exceptions.TemplateNotFound: /opt/airflow/dags/sql/schemas/00_create_schemas.sql
[2026-01-13T00:38:03.470+0000] {processor.py:840} INFO - DAG(s) '00_create_schemas' retrieved from /opt/airflow/dags/00_create_schemas_dag.py
[2026-01-13T00:38:03.524+0000] {logging_mixin.py:188} INFO - [2026-01-13T00:38:03.523+0000] {dag.py:3089} INFO - Sync 1 DAGs
[2026-01-13T00:38:03.546+0000] {logging_mixin.py:188} INFO - [2026-01-13T00:38:03.545+0000] {dag.py:3947} INFO - Setting next_dagrun for 00_create_schemas to None, run_after=None
[2026-01-13T00:38:03.600+0000] {processor.py:183} INFO - Processing /opt/airflow/dags/00_create_schemas_dag.py took 0.187 seconds
[2026-01-13T00:41:44.081+0000] {processor.py:161} INFO - Started process (PID=162) to work on /opt/airflow/dags/00_create_schemas_dag.py
[2026-01-13T00:41:44.089+0000] {processor.py:830} INFO - Processing file /opt/airflow/dags/00_create_schemas_dag.py for tasks to queue
[2026-01-13T00:41:44.106+0000] {logging_mixin.py:188} INFO - [2026-01-13T00:41:44.105+0000] {dagbag.py:545} INFO - Filling up the DagBag from /opt/airflow/dags/00_create_schemas_dag.py
[2026-01-13T00:41:44.221+0000] {logging_mixin.py:188} INFO - [2026-01-13T00:41:44.218+0000] {templater.py:93} ERROR - Failed to resolve template field 'sql'
Traceback (most recent call last):
  File "/home/airflow/.local/lib/python3.10/site-packages/airflow/template/templater.py", line 91, in resolve_template_files
    setattr(self, field, env.loader.get_source(env, content)[0])  # type: ignore
  File "/home/airflow/.local/lib/python3.10/site-packages/jinja2/loaders.py", line 207, in get_source
    raise TemplateNotFound(template)
jinja2.exceptions.TemplateNotFound: schemas/00_create_schemas.sql
[2026-01-13T00:41:44.309+0000] {processor.py:840} INFO - DAG(s) '00_create_schemas' retrieved from /opt/airflow/dags/00_create_schemas_dag.py
[2026-01-13T00:41:46.554+0000] {logging_mixin.py:188} INFO - [2026-01-13T00:41:46.549+0000] {override.py:1858} INFO - Created Permission View: can delete on DAG:00_create_schemas
[2026-01-13T00:41:46.636+0000] {logging_mixin.py:188} INFO - [2026-01-13T00:41:46.635+0000] {override.py:1858} INFO - Created Permission View: can read on DAG:00_create_schemas
[2026-01-13T00:41:46.668+0000] {logging_mixin.py:188} INFO - [2026-01-13T00:41:46.667+0000] {override.py:1858} INFO - Created Permission View: can edit on DAG:00_create_schemas
[2026-01-13T00:41:46.669+0000] {logging_mixin.py:188} INFO - [2026-01-13T00:41:46.669+0000] {dag.py:3089} INFO - Sync 1 DAGs
[2026-01-13T00:41:46.732+0000] {logging_mixin.py:188} INFO - [2026-01-13T00:41:46.731+0000] {dag.py:3111} INFO - Creating ORM DAG for 00_create_schemas
[2026-01-13T00:41:46.735+0000] {logging_mixin.py:188} INFO - [2026-01-13T00:41:46.734+0000] {dag.py:3947} INFO - Setting next_dagrun for 00_create_schemas to None, run_after=None
[2026-01-13T00:41:46.810+0000] {processor.py:183} INFO - Processing /opt/airflow/dags/00_create_schemas_dag.py took 2.774 seconds
[2026-01-13T00:42:17.246+0000] {processor.py:161} INFO - Started process (PID=172) to work on /opt/airflow/dags/00_create_schemas_dag.py
[2026-01-13T00:42:17.252+0000] {processor.py:830} INFO - Processing file /opt/airflow/dags/00_create_schemas_dag.py for tasks to queue
[2026-01-13T00:42:17.262+0000] {logging_mixin.py:188} INFO - [2026-01-13T00:42:17.261+0000] {dagbag.py:545} INFO - Filling up the DagBag from /opt/airflow/dags/00_create_schemas_dag.py
[2026-01-13T00:42:17.313+0000] {logging_mixin.py:188} INFO - [2026-01-13T00:42:17.311+0000] {templater.py:93} ERROR - Failed to resolve template field 'sql'
Traceback (most recent call last):
  File "/home/airflow/.local/lib/python3.10/site-packages/airflow/template/templater.py", line 91, in resolve_template_files
    setattr(self, field, env.loader.get_source(env, content)[0])  # type: ignore
  File "/home/airflow/.local/lib/python3.10/site-packages/jinja2/loaders.py", line 207, in get_source
    raise TemplateNotFound(template)
jinja2.exceptions.TemplateNotFound: schemas/00_create_schemas.sql
[2026-01-13T00:42:17.339+0000] {processor.py:840} INFO - DAG(s) '00_create_schemas' retrieved from /opt/airflow/dags/00_create_schemas_dag.py
[2026-01-13T00:42:18.192+0000] {logging_mixin.py:188} INFO - [2026-01-13T00:42:18.190+0000] {dag.py:3089} INFO - Sync 1 DAGs
[2026-01-13T00:42:18.285+0000] {logging_mixin.py:188} INFO - [2026-01-13T00:42:18.284+0000] {dag.py:3947} INFO - Setting next_dagrun for 00_create_schemas to None, run_after=None
[2026-01-13T00:42:18.443+0000] {processor.py:183} INFO - Processing /opt/airflow/dags/00_create_schemas_dag.py took 1.232 seconds
[2026-01-13T00:42:49.634+0000] {processor.py:161} INFO - Started process (PID=181) to work on /opt/airflow/dags/00_create_schemas_dag.py
[2026-01-13T00:42:49.667+0000] {processor.py:830} INFO - Processing file /opt/airflow/dags/00_create_schemas_dag.py for tasks to queue
[2026-01-13T00:42:49.838+0000] {logging_mixin.py:188} INFO - [2026-01-13T00:42:49.747+0000] {dagbag.py:545} INFO - Filling up the DagBag from /opt/airflow/dags/00_create_schemas_dag.py
[2026-01-13T00:42:50.085+0000] {logging_mixin.py:188} INFO - [2026-01-13T00:42:50.073+0000] {templater.py:93} ERROR - Failed to resolve template field 'sql'
Traceback (most recent call last):
  File "/home/airflow/.local/lib/python3.10/site-packages/airflow/template/templater.py", line 91, in resolve_template_files
    setattr(self, field, env.loader.get_source(env, content)[0])  # type: ignore
  File "/home/airflow/.local/lib/python3.10/site-packages/jinja2/loaders.py", line 207, in get_source
    raise TemplateNotFound(template)
jinja2.exceptions.TemplateNotFound: schemas/00_create_schemas.sql
[2026-01-13T00:42:50.523+0000] {processor.py:840} INFO - DAG(s) '00_create_schemas' retrieved from /opt/airflow/dags/00_create_schemas_dag.py
[2026-01-13T00:42:51.331+0000] {logging_mixin.py:188} INFO - [2026-01-13T00:42:51.330+0000] {dag.py:3089} INFO - Sync 1 DAGs
[2026-01-13T00:42:51.508+0000] {logging_mixin.py:188} INFO - [2026-01-13T00:42:51.507+0000] {dag.py:3947} INFO - Setting next_dagrun for 00_create_schemas to None, run_after=None
[2026-01-13T00:42:51.628+0000] {processor.py:183} INFO - Processing /opt/airflow/dags/00_create_schemas_dag.py took 2.046 seconds
[2026-01-13T00:43:22.257+0000] {processor.py:161} INFO - Started process (PID=192) to work on /opt/airflow/dags/00_create_schemas_dag.py
[2026-01-13T00:43:22.263+0000] {processor.py:830} INFO - Processing file /opt/airflow/dags/00_create_schemas_dag.py for tasks to queue
[2026-01-13T00:43:22.273+0000] {logging_mixin.py:188} INFO - [2026-01-13T00:43:22.271+0000] {dagbag.py:545} INFO - Filling up the DagBag from /opt/airflow/dags/00_create_schemas_dag.py
[2026-01-13T00:43:22.318+0000] {logging_mixin.py:188} INFO - [2026-01-13T00:43:22.316+0000] {templater.py:93} ERROR - Failed to resolve template field 'sql'
Traceback (most recent call last):
  File "/home/airflow/.local/lib/python3.10/site-packages/airflow/template/templater.py", line 91, in resolve_template_files
    setattr(self, field, env.loader.get_source(env, content)[0])  # type: ignore
  File "/home/airflow/.local/lib/python3.10/site-packages/jinja2/loaders.py", line 207, in get_source
    raise TemplateNotFound(template)
jinja2.exceptions.TemplateNotFound: schemas/00_create_schemas.sql
[2026-01-13T00:43:22.335+0000] {processor.py:840} INFO - DAG(s) '00_create_schemas' retrieved from /opt/airflow/dags/00_create_schemas_dag.py
[2026-01-13T00:43:22.448+0000] {logging_mixin.py:188} INFO - [2026-01-13T00:43:22.447+0000] {dag.py:3089} INFO - Sync 1 DAGs
[2026-01-13T00:43:22.497+0000] {logging_mixin.py:188} INFO - [2026-01-13T00:43:22.497+0000] {dag.py:3947} INFO - Setting next_dagrun for 00_create_schemas to None, run_after=None
[2026-01-13T00:43:22.563+0000] {processor.py:183} INFO - Processing /opt/airflow/dags/00_create_schemas_dag.py took 0.334 seconds
[2026-01-13T00:43:53.010+0000] {processor.py:161} INFO - Started process (PID=202) to work on /opt/airflow/dags/00_create_schemas_dag.py
[2026-01-13T00:43:53.015+0000] {processor.py:830} INFO - Processing file /opt/airflow/dags/00_create_schemas_dag.py for tasks to queue
[2026-01-13T00:43:53.034+0000] {logging_mixin.py:188} INFO - [2026-01-13T00:43:53.026+0000] {dagbag.py:545} INFO - Filling up the DagBag from /opt/airflow/dags/00_create_schemas_dag.py
[2026-01-13T00:43:53.086+0000] {logging_mixin.py:188} INFO - [2026-01-13T00:43:53.084+0000] {templater.py:93} ERROR - Failed to resolve template field 'sql'
Traceback (most recent call last):
  File "/home/airflow/.local/lib/python3.10/site-packages/airflow/template/templater.py", line 91, in resolve_template_files
    setattr(self, field, env.loader.get_source(env, content)[0])  # type: ignore
  File "/home/airflow/.local/lib/python3.10/site-packages/jinja2/loaders.py", line 207, in get_source
    raise TemplateNotFound(template)
jinja2.exceptions.TemplateNotFound: schemas/00_create_schemas.sql
[2026-01-13T00:43:53.094+0000] {processor.py:840} INFO - DAG(s) '00_create_schemas' retrieved from /opt/airflow/dags/00_create_schemas_dag.py
[2026-01-13T00:43:53.177+0000] {logging_mixin.py:188} INFO - [2026-01-13T00:43:53.176+0000] {dag.py:3089} INFO - Sync 1 DAGs
[2026-01-13T00:43:53.207+0000] {logging_mixin.py:188} INFO - [2026-01-13T00:43:53.206+0000] {dag.py:3947} INFO - Setting next_dagrun for 00_create_schemas to None, run_after=None
[2026-01-13T00:43:53.251+0000] {processor.py:183} INFO - Processing /opt/airflow/dags/00_create_schemas_dag.py took 0.263 seconds
[2026-01-13T00:44:24.182+0000] {processor.py:161} INFO - Started process (PID=214) to work on /opt/airflow/dags/00_create_schemas_dag.py
[2026-01-13T00:44:24.263+0000] {processor.py:830} INFO - Processing file /opt/airflow/dags/00_create_schemas_dag.py for tasks to queue
[2026-01-13T00:44:24.282+0000] {logging_mixin.py:188} INFO - [2026-01-13T00:44:24.281+0000] {dagbag.py:545} INFO - Filling up the DagBag from /opt/airflow/dags/00_create_schemas_dag.py
[2026-01-13T00:44:24.361+0000] {logging_mixin.py:188} INFO - [2026-01-13T00:44:24.356+0000] {templater.py:93} ERROR - Failed to resolve template field 'sql'
Traceback (most recent call last):
  File "/home/airflow/.local/lib/python3.10/site-packages/airflow/template/templater.py", line 91, in resolve_template_files
    setattr(self, field, env.loader.get_source(env, content)[0])  # type: ignore
  File "/home/airflow/.local/lib/python3.10/site-packages/jinja2/loaders.py", line 207, in get_source
    raise TemplateNotFound(template)
jinja2.exceptions.TemplateNotFound: schemas/00_create_schemas.sql
[2026-01-13T00:44:24.382+0000] {processor.py:840} INFO - DAG(s) '00_create_schemas' retrieved from /opt/airflow/dags/00_create_schemas_dag.py
[2026-01-13T00:44:24.824+0000] {logging_mixin.py:188} INFO - [2026-01-13T00:44:24.824+0000] {dag.py:3089} INFO - Sync 1 DAGs
[2026-01-13T00:44:24.942+0000] {logging_mixin.py:188} INFO - [2026-01-13T00:44:24.942+0000] {dag.py:3947} INFO - Setting next_dagrun for 00_create_schemas to None, run_after=None
[2026-01-13T00:44:25.079+0000] {processor.py:183} INFO - Processing /opt/airflow/dags/00_create_schemas_dag.py took 1.109 seconds
[2026-01-13T00:44:55.685+0000] {processor.py:161} INFO - Started process (PID=221) to work on /opt/airflow/dags/00_create_schemas_dag.py
[2026-01-13T00:44:55.690+0000] {processor.py:830} INFO - Processing file /opt/airflow/dags/00_create_schemas_dag.py for tasks to queue
[2026-01-13T00:44:55.696+0000] {logging_mixin.py:188} INFO - [2026-01-13T00:44:55.695+0000] {dagbag.py:545} INFO - Filling up the DagBag from /opt/airflow/dags/00_create_schemas_dag.py
[2026-01-13T00:44:55.903+0000] {logging_mixin.py:188} INFO - [2026-01-13T00:44:55.901+0000] {templater.py:93} ERROR - Failed to resolve template field 'sql'
Traceback (most recent call last):
  File "/home/airflow/.local/lib/python3.10/site-packages/airflow/template/templater.py", line 91, in resolve_template_files
    setattr(self, field, env.loader.get_source(env, content)[0])  # type: ignore
  File "/home/airflow/.local/lib/python3.10/site-packages/jinja2/loaders.py", line 207, in get_source
    raise TemplateNotFound(template)
jinja2.exceptions.TemplateNotFound: schemas/00_create_schemas.sql
[2026-01-13T00:44:56.000+0000] {processor.py:840} INFO - DAG(s) '00_create_schemas' retrieved from /opt/airflow/dags/00_create_schemas_dag.py
[2026-01-13T00:44:56.157+0000] {logging_mixin.py:188} INFO - [2026-01-13T00:44:56.155+0000] {dag.py:3089} INFO - Sync 1 DAGs
[2026-01-13T00:44:56.318+0000] {logging_mixin.py:188} INFO - [2026-01-13T00:44:56.318+0000] {dag.py:3947} INFO - Setting next_dagrun for 00_create_schemas to None, run_after=None
[2026-01-13T00:44:56.383+0000] {processor.py:183} INFO - Processing /opt/airflow/dags/00_create_schemas_dag.py took 0.807 seconds
[2026-01-13T00:45:26.777+0000] {processor.py:161} INFO - Started process (PID=234) to work on /opt/airflow/dags/00_create_schemas_dag.py
[2026-01-13T00:45:26.804+0000] {processor.py:830} INFO - Processing file /opt/airflow/dags/00_create_schemas_dag.py for tasks to queue
[2026-01-13T00:45:26.812+0000] {logging_mixin.py:188} INFO - [2026-01-13T00:45:26.812+0000] {dagbag.py:545} INFO - Filling up the DagBag from /opt/airflow/dags/00_create_schemas_dag.py
[2026-01-13T00:45:27.054+0000] {logging_mixin.py:188} INFO - [2026-01-13T00:45:27.051+0000] {templater.py:93} ERROR - Failed to resolve template field 'sql'
Traceback (most recent call last):
  File "/home/airflow/.local/lib/python3.10/site-packages/airflow/template/templater.py", line 91, in resolve_template_files
    setattr(self, field, env.loader.get_source(env, content)[0])  # type: ignore
  File "/home/airflow/.local/lib/python3.10/site-packages/jinja2/loaders.py", line 207, in get_source
    raise TemplateNotFound(template)
jinja2.exceptions.TemplateNotFound: schemas/00_create_schemas.sql
[2026-01-13T00:45:27.105+0000] {processor.py:840} INFO - DAG(s) '00_create_schemas' retrieved from /opt/airflow/dags/00_create_schemas_dag.py
[2026-01-13T00:45:27.272+0000] {logging_mixin.py:188} INFO - [2026-01-13T00:45:27.271+0000] {dag.py:3089} INFO - Sync 1 DAGs
[2026-01-13T00:45:27.418+0000] {logging_mixin.py:188} INFO - [2026-01-13T00:45:27.418+0000] {dag.py:3947} INFO - Setting next_dagrun for 00_create_schemas to None, run_after=None
[2026-01-13T00:45:27.474+0000] {processor.py:183} INFO - Processing /opt/airflow/dags/00_create_schemas_dag.py took 0.736 seconds
[2026-01-13T00:45:58.105+0000] {processor.py:161} INFO - Started process (PID=244) to work on /opt/airflow/dags/00_create_schemas_dag.py
[2026-01-13T00:45:58.108+0000] {processor.py:830} INFO - Processing file /opt/airflow/dags/00_create_schemas_dag.py for tasks to queue
[2026-01-13T00:45:58.127+0000] {logging_mixin.py:188} INFO - [2026-01-13T00:45:58.126+0000] {dagbag.py:545} INFO - Filling up the DagBag from /opt/airflow/dags/00_create_schemas_dag.py
[2026-01-13T00:45:58.162+0000] {logging_mixin.py:188} INFO - [2026-01-13T00:45:58.160+0000] {templater.py:93} ERROR - Failed to resolve template field 'sql'
Traceback (most recent call last):
  File "/home/airflow/.local/lib/python3.10/site-packages/airflow/template/templater.py", line 91, in resolve_template_files
    setattr(self, field, env.loader.get_source(env, content)[0])  # type: ignore
  File "/home/airflow/.local/lib/python3.10/site-packages/jinja2/loaders.py", line 207, in get_source
    raise TemplateNotFound(template)
jinja2.exceptions.TemplateNotFound: schemas/00_create_schemas.sql
[2026-01-13T00:45:58.176+0000] {processor.py:840} INFO - DAG(s) '00_create_schemas' retrieved from /opt/airflow/dags/00_create_schemas_dag.py
[2026-01-13T00:45:58.328+0000] {logging_mixin.py:188} INFO - [2026-01-13T00:45:58.326+0000] {dag.py:3089} INFO - Sync 1 DAGs
[2026-01-13T00:45:58.363+0000] {logging_mixin.py:188} INFO - [2026-01-13T00:45:58.362+0000] {dag.py:3947} INFO - Setting next_dagrun for 00_create_schemas to None, run_after=None
[2026-01-13T00:45:58.418+0000] {processor.py:183} INFO - Processing /opt/airflow/dags/00_create_schemas_dag.py took 0.333 seconds
[2026-01-13T00:46:29.331+0000] {processor.py:161} INFO - Started process (PID=254) to work on /opt/airflow/dags/00_create_schemas_dag.py
[2026-01-13T00:46:29.342+0000] {processor.py:830} INFO - Processing file /opt/airflow/dags/00_create_schemas_dag.py for tasks to queue
[2026-01-13T00:46:29.346+0000] {logging_mixin.py:188} INFO - [2026-01-13T00:46:29.346+0000] {dagbag.py:545} INFO - Filling up the DagBag from /opt/airflow/dags/00_create_schemas_dag.py
[2026-01-13T00:46:29.447+0000] {logging_mixin.py:188} INFO - [2026-01-13T00:46:29.446+0000] {templater.py:93} ERROR - Failed to resolve template field 'sql'
Traceback (most recent call last):
  File "/home/airflow/.local/lib/python3.10/site-packages/airflow/template/templater.py", line 91, in resolve_template_files
    setattr(self, field, env.loader.get_source(env, content)[0])  # type: ignore
  File "/home/airflow/.local/lib/python3.10/site-packages/jinja2/loaders.py", line 207, in get_source
    raise TemplateNotFound(template)
jinja2.exceptions.TemplateNotFound: schemas/00_create_schemas.sql
[2026-01-13T00:46:29.461+0000] {processor.py:840} INFO - DAG(s) '00_create_schemas' retrieved from /opt/airflow/dags/00_create_schemas_dag.py
[2026-01-13T00:46:29.565+0000] {logging_mixin.py:188} INFO - [2026-01-13T00:46:29.564+0000] {dag.py:3089} INFO - Sync 1 DAGs
[2026-01-13T00:46:29.621+0000] {logging_mixin.py:188} INFO - [2026-01-13T00:46:29.621+0000] {dag.py:3947} INFO - Setting next_dagrun for 00_create_schemas to None, run_after=None
[2026-01-13T00:46:29.675+0000] {processor.py:183} INFO - Processing /opt/airflow/dags/00_create_schemas_dag.py took 0.383 seconds
[2026-01-13T00:46:59.960+0000] {processor.py:161} INFO - Started process (PID=264) to work on /opt/airflow/dags/00_create_schemas_dag.py
[2026-01-13T00:46:59.962+0000] {processor.py:830} INFO - Processing file /opt/airflow/dags/00_create_schemas_dag.py for tasks to queue
[2026-01-13T00:46:59.967+0000] {logging_mixin.py:188} INFO - [2026-01-13T00:46:59.966+0000] {dagbag.py:545} INFO - Filling up the DagBag from /opt/airflow/dags/00_create_schemas_dag.py
[2026-01-13T00:46:59.995+0000] {logging_mixin.py:188} INFO - [2026-01-13T00:46:59.994+0000] {templater.py:93} ERROR - Failed to resolve template field 'sql'
Traceback (most recent call last):
  File "/home/airflow/.local/lib/python3.10/site-packages/airflow/template/templater.py", line 91, in resolve_template_files
    setattr(self, field, env.loader.get_source(env, content)[0])  # type: ignore
  File "/home/airflow/.local/lib/python3.10/site-packages/jinja2/loaders.py", line 207, in get_source
    raise TemplateNotFound(template)
jinja2.exceptions.TemplateNotFound: schemas/00_create_schemas.sql
[2026-01-13T00:47:00.008+0000] {processor.py:840} INFO - DAG(s) '00_create_schemas' retrieved from /opt/airflow/dags/00_create_schemas_dag.py
[2026-01-13T00:47:00.123+0000] {logging_mixin.py:188} INFO - [2026-01-13T00:47:00.123+0000] {dag.py:3089} INFO - Sync 1 DAGs
[2026-01-13T00:47:00.151+0000] {logging_mixin.py:188} INFO - [2026-01-13T00:47:00.151+0000] {dag.py:3947} INFO - Setting next_dagrun for 00_create_schemas to None, run_after=None
[2026-01-13T00:47:00.213+0000] {processor.py:183} INFO - Processing /opt/airflow/dags/00_create_schemas_dag.py took 0.264 seconds
[2026-01-13T00:47:30.582+0000] {processor.py:161} INFO - Started process (PID=274) to work on /opt/airflow/dags/00_create_schemas_dag.py
[2026-01-13T00:47:30.585+0000] {processor.py:830} INFO - Processing file /opt/airflow/dags/00_create_schemas_dag.py for tasks to queue
[2026-01-13T00:47:30.588+0000] {logging_mixin.py:188} INFO - [2026-01-13T00:47:30.587+0000] {dagbag.py:545} INFO - Filling up the DagBag from /opt/airflow/dags/00_create_schemas_dag.py
[2026-01-13T00:47:30.616+0000] {logging_mixin.py:188} INFO - [2026-01-13T00:47:30.614+0000] {templater.py:93} ERROR - Failed to resolve template field 'sql'
Traceback (most recent call last):
  File "/home/airflow/.local/lib/python3.10/site-packages/airflow/template/templater.py", line 91, in resolve_template_files
    setattr(self, field, env.loader.get_source(env, content)[0])  # type: ignore
  File "/home/airflow/.local/lib/python3.10/site-packages/jinja2/loaders.py", line 207, in get_source
    raise TemplateNotFound(template)
jinja2.exceptions.TemplateNotFound: schemas/00_create_schemas.sql
[2026-01-13T00:47:30.626+0000] {processor.py:840} INFO - DAG(s) '00_create_schemas' retrieved from /opt/airflow/dags/00_create_schemas_dag.py
[2026-01-13T00:47:30.694+0000] {logging_mixin.py:188} INFO - [2026-01-13T00:47:30.693+0000] {dag.py:3089} INFO - Sync 1 DAGs
[2026-01-13T00:47:30.717+0000] {logging_mixin.py:188} INFO - [2026-01-13T00:47:30.717+0000] {dag.py:3947} INFO - Setting next_dagrun for 00_create_schemas to None, run_after=None
[2026-01-13T00:47:30.772+0000] {processor.py:183} INFO - Processing /opt/airflow/dags/00_create_schemas_dag.py took 0.208 seconds
[2026-01-13T00:48:01.192+0000] {processor.py:161} INFO - Started process (PID=284) to work on /opt/airflow/dags/00_create_schemas_dag.py
[2026-01-13T00:48:01.196+0000] {processor.py:830} INFO - Processing file /opt/airflow/dags/00_create_schemas_dag.py for tasks to queue
[2026-01-13T00:48:01.200+0000] {logging_mixin.py:188} INFO - [2026-01-13T00:48:01.199+0000] {dagbag.py:545} INFO - Filling up the DagBag from /opt/airflow/dags/00_create_schemas_dag.py
[2026-01-13T00:48:01.239+0000] {logging_mixin.py:188} INFO - [2026-01-13T00:48:01.237+0000] {templater.py:93} ERROR - Failed to resolve template field 'sql'
Traceback (most recent call last):
  File "/home/airflow/.local/lib/python3.10/site-packages/airflow/template/templater.py", line 91, in resolve_template_files
    setattr(self, field, env.loader.get_source(env, content)[0])  # type: ignore
  File "/home/airflow/.local/lib/python3.10/site-packages/jinja2/loaders.py", line 207, in get_source
    raise TemplateNotFound(template)
jinja2.exceptions.TemplateNotFound: schemas/00_create_schemas.sql
[2026-01-13T00:48:01.257+0000] {processor.py:840} INFO - DAG(s) '00_create_schemas' retrieved from /opt/airflow/dags/00_create_schemas_dag.py
[2026-01-13T00:48:01.419+0000] {logging_mixin.py:188} INFO - [2026-01-13T00:48:01.418+0000] {dag.py:3089} INFO - Sync 1 DAGs
[2026-01-13T00:48:01.532+0000] {logging_mixin.py:188} INFO - [2026-01-13T00:48:01.531+0000] {dag.py:3947} INFO - Setting next_dagrun for 00_create_schemas to None, run_after=None
[2026-01-13T00:48:01.609+0000] {processor.py:183} INFO - Processing /opt/airflow/dags/00_create_schemas_dag.py took 0.433 seconds
[2026-01-13T00:48:32.142+0000] {processor.py:161} INFO - Started process (PID=294) to work on /opt/airflow/dags/00_create_schemas_dag.py
[2026-01-13T00:48:32.146+0000] {processor.py:830} INFO - Processing file /opt/airflow/dags/00_create_schemas_dag.py for tasks to queue
[2026-01-13T00:48:32.150+0000] {logging_mixin.py:188} INFO - [2026-01-13T00:48:32.149+0000] {dagbag.py:545} INFO - Filling up the DagBag from /opt/airflow/dags/00_create_schemas_dag.py
[2026-01-13T00:48:32.182+0000] {logging_mixin.py:188} INFO - [2026-01-13T00:48:32.180+0000] {templater.py:93} ERROR - Failed to resolve template field 'sql'
Traceback (most recent call last):
  File "/home/airflow/.local/lib/python3.10/site-packages/airflow/template/templater.py", line 91, in resolve_template_files
    setattr(self, field, env.loader.get_source(env, content)[0])  # type: ignore
  File "/home/airflow/.local/lib/python3.10/site-packages/jinja2/loaders.py", line 207, in get_source
    raise TemplateNotFound(template)
jinja2.exceptions.TemplateNotFound: schemas/00_create_schemas.sql
[2026-01-13T00:48:32.247+0000] {processor.py:840} INFO - DAG(s) '00_create_schemas' retrieved from /opt/airflow/dags/00_create_schemas_dag.py
[2026-01-13T00:48:32.408+0000] {logging_mixin.py:188} INFO - [2026-01-13T00:48:32.407+0000] {dag.py:3089} INFO - Sync 1 DAGs
[2026-01-13T00:48:32.431+0000] {logging_mixin.py:188} INFO - [2026-01-13T00:48:32.431+0000] {dag.py:3947} INFO - Setting next_dagrun for 00_create_schemas to None, run_after=None
[2026-01-13T00:48:32.478+0000] {processor.py:183} INFO - Processing /opt/airflow/dags/00_create_schemas_dag.py took 0.348 seconds
[2026-01-13T00:49:02.863+0000] {processor.py:161} INFO - Started process (PID=304) to work on /opt/airflow/dags/00_create_schemas_dag.py
[2026-01-13T00:49:02.866+0000] {processor.py:830} INFO - Processing file /opt/airflow/dags/00_create_schemas_dag.py for tasks to queue
[2026-01-13T00:49:02.872+0000] {logging_mixin.py:188} INFO - [2026-01-13T00:49:02.872+0000] {dagbag.py:545} INFO - Filling up the DagBag from /opt/airflow/dags/00_create_schemas_dag.py
[2026-01-13T00:49:02.907+0000] {logging_mixin.py:188} INFO - [2026-01-13T00:49:02.906+0000] {templater.py:93} ERROR - Failed to resolve template field 'sql'
Traceback (most recent call last):
  File "/home/airflow/.local/lib/python3.10/site-packages/airflow/template/templater.py", line 91, in resolve_template_files
    setattr(self, field, env.loader.get_source(env, content)[0])  # type: ignore
  File "/home/airflow/.local/lib/python3.10/site-packages/jinja2/loaders.py", line 207, in get_source
    raise TemplateNotFound(template)
jinja2.exceptions.TemplateNotFound: schemas/00_create_schemas.sql
[2026-01-13T00:49:02.918+0000] {processor.py:840} INFO - DAG(s) '00_create_schemas' retrieved from /opt/airflow/dags/00_create_schemas_dag.py
[2026-01-13T00:49:03.057+0000] {logging_mixin.py:188} INFO - [2026-01-13T00:49:03.057+0000] {dag.py:3089} INFO - Sync 1 DAGs
[2026-01-13T00:49:03.102+0000] {logging_mixin.py:188} INFO - [2026-01-13T00:49:03.102+0000] {dag.py:3947} INFO - Setting next_dagrun for 00_create_schemas to None, run_after=None
[2026-01-13T00:49:03.150+0000] {processor.py:183} INFO - Processing /opt/airflow/dags/00_create_schemas_dag.py took 0.300 seconds
[2026-01-13T00:49:34.094+0000] {processor.py:161} INFO - Started process (PID=314) to work on /opt/airflow/dags/00_create_schemas_dag.py
[2026-01-13T00:49:34.096+0000] {processor.py:830} INFO - Processing file /opt/airflow/dags/00_create_schemas_dag.py for tasks to queue
[2026-01-13T00:49:34.102+0000] {logging_mixin.py:188} INFO - [2026-01-13T00:49:34.101+0000] {dagbag.py:545} INFO - Filling up the DagBag from /opt/airflow/dags/00_create_schemas_dag.py
[2026-01-13T00:49:34.129+0000] {logging_mixin.py:188} INFO - [2026-01-13T00:49:34.128+0000] {templater.py:93} ERROR - Failed to resolve template field 'sql'
Traceback (most recent call last):
  File "/home/airflow/.local/lib/python3.10/site-packages/airflow/template/templater.py", line 91, in resolve_template_files
    setattr(self, field, env.loader.get_source(env, content)[0])  # type: ignore
  File "/home/airflow/.local/lib/python3.10/site-packages/jinja2/loaders.py", line 207, in get_source
    raise TemplateNotFound(template)
jinja2.exceptions.TemplateNotFound: schemas/00_create_schemas.sql
[2026-01-13T00:49:34.143+0000] {processor.py:840} INFO - DAG(s) '00_create_schemas' retrieved from /opt/airflow/dags/00_create_schemas_dag.py
[2026-01-13T00:49:34.235+0000] {logging_mixin.py:188} INFO - [2026-01-13T00:49:34.234+0000] {dag.py:3089} INFO - Sync 1 DAGs
[2026-01-13T00:49:34.275+0000] {logging_mixin.py:188} INFO - [2026-01-13T00:49:34.274+0000] {dag.py:3947} INFO - Setting next_dagrun for 00_create_schemas to None, run_after=None
[2026-01-13T00:49:34.330+0000] {processor.py:183} INFO - Processing /opt/airflow/dags/00_create_schemas_dag.py took 0.258 seconds
[2026-01-13T00:50:04.459+0000] {processor.py:161} INFO - Started process (PID=324) to work on /opt/airflow/dags/00_create_schemas_dag.py
[2026-01-13T00:50:04.463+0000] {processor.py:830} INFO - Processing file /opt/airflow/dags/00_create_schemas_dag.py for tasks to queue
[2026-01-13T00:50:04.469+0000] {logging_mixin.py:188} INFO - [2026-01-13T00:50:04.468+0000] {dagbag.py:545} INFO - Filling up the DagBag from /opt/airflow/dags/00_create_schemas_dag.py
[2026-01-13T00:50:04.504+0000] {logging_mixin.py:188} INFO - [2026-01-13T00:50:04.502+0000] {templater.py:93} ERROR - Failed to resolve template field 'sql'
Traceback (most recent call last):
  File "/home/airflow/.local/lib/python3.10/site-packages/airflow/template/templater.py", line 91, in resolve_template_files
    setattr(self, field, env.loader.get_source(env, content)[0])  # type: ignore
  File "/home/airflow/.local/lib/python3.10/site-packages/jinja2/loaders.py", line 207, in get_source
    raise TemplateNotFound(template)
jinja2.exceptions.TemplateNotFound: schemas/00_create_schemas.sql
[2026-01-13T00:50:04.519+0000] {processor.py:840} INFO - DAG(s) '00_create_schemas' retrieved from /opt/airflow/dags/00_create_schemas_dag.py
[2026-01-13T00:50:04.659+0000] {logging_mixin.py:188} INFO - [2026-01-13T00:50:04.657+0000] {dag.py:3089} INFO - Sync 1 DAGs
[2026-01-13T00:50:04.706+0000] {logging_mixin.py:188} INFO - [2026-01-13T00:50:04.706+0000] {dag.py:3947} INFO - Setting next_dagrun for 00_create_schemas to None, run_after=None
[2026-01-13T00:50:04.777+0000] {processor.py:183} INFO - Processing /opt/airflow/dags/00_create_schemas_dag.py took 0.337 seconds
[2026-01-13T00:50:35.128+0000] {processor.py:161} INFO - Started process (PID=334) to work on /opt/airflow/dags/00_create_schemas_dag.py
[2026-01-13T00:50:35.132+0000] {processor.py:830} INFO - Processing file /opt/airflow/dags/00_create_schemas_dag.py for tasks to queue
[2026-01-13T00:50:35.142+0000] {logging_mixin.py:188} INFO - [2026-01-13T00:50:35.140+0000] {dagbag.py:545} INFO - Filling up the DagBag from /opt/airflow/dags/00_create_schemas_dag.py
[2026-01-13T00:50:35.182+0000] {logging_mixin.py:188} INFO - [2026-01-13T00:50:35.181+0000] {templater.py:93} ERROR - Failed to resolve template field 'sql'
Traceback (most recent call last):
  File "/home/airflow/.local/lib/python3.10/site-packages/airflow/template/templater.py", line 91, in resolve_template_files
    setattr(self, field, env.loader.get_source(env, content)[0])  # type: ignore
  File "/home/airflow/.local/lib/python3.10/site-packages/jinja2/loaders.py", line 207, in get_source
    raise TemplateNotFound(template)
jinja2.exceptions.TemplateNotFound: schemas/00_create_schemas.sql
[2026-01-13T00:50:35.198+0000] {processor.py:840} INFO - DAG(s) '00_create_schemas' retrieved from /opt/airflow/dags/00_create_schemas_dag.py
[2026-01-13T00:50:35.348+0000] {logging_mixin.py:188} INFO - [2026-01-13T00:50:35.348+0000] {dag.py:3089} INFO - Sync 1 DAGs
[2026-01-13T00:50:35.417+0000] {logging_mixin.py:188} INFO - [2026-01-13T00:50:35.416+0000] {dag.py:3947} INFO - Setting next_dagrun for 00_create_schemas to None, run_after=None
[2026-01-13T00:50:35.495+0000] {processor.py:183} INFO - Processing /opt/airflow/dags/00_create_schemas_dag.py took 0.395 seconds
[2026-01-13T00:51:05.891+0000] {processor.py:161} INFO - Started process (PID=344) to work on /opt/airflow/dags/00_create_schemas_dag.py
[2026-01-13T00:51:05.894+0000] {processor.py:830} INFO - Processing file /opt/airflow/dags/00_create_schemas_dag.py for tasks to queue
[2026-01-13T00:51:05.901+0000] {logging_mixin.py:188} INFO - [2026-01-13T00:51:05.900+0000] {dagbag.py:545} INFO - Filling up the DagBag from /opt/airflow/dags/00_create_schemas_dag.py
[2026-01-13T00:51:05.960+0000] {logging_mixin.py:188} INFO - [2026-01-13T00:51:05.957+0000] {templater.py:93} ERROR - Failed to resolve template field 'sql'
Traceback (most recent call last):
  File "/home/airflow/.local/lib/python3.10/site-packages/airflow/template/templater.py", line 91, in resolve_template_files
    setattr(self, field, env.loader.get_source(env, content)[0])  # type: ignore
  File "/home/airflow/.local/lib/python3.10/site-packages/jinja2/loaders.py", line 207, in get_source
    raise TemplateNotFound(template)
jinja2.exceptions.TemplateNotFound: schemas/00_create_schemas.sql
[2026-01-13T00:51:05.980+0000] {processor.py:840} INFO - DAG(s) '00_create_schemas' retrieved from /opt/airflow/dags/00_create_schemas_dag.py
[2026-01-13T00:51:06.089+0000] {logging_mixin.py:188} INFO - [2026-01-13T00:51:06.089+0000] {dag.py:3089} INFO - Sync 1 DAGs
[2026-01-13T00:51:06.130+0000] {logging_mixin.py:188} INFO - [2026-01-13T00:51:06.130+0000] {dag.py:3947} INFO - Setting next_dagrun for 00_create_schemas to None, run_after=None
[2026-01-13T00:51:06.231+0000] {processor.py:183} INFO - Processing /opt/airflow/dags/00_create_schemas_dag.py took 0.363 seconds
[2026-01-13T00:51:36.750+0000] {processor.py:161} INFO - Started process (PID=354) to work on /opt/airflow/dags/00_create_schemas_dag.py
[2026-01-13T00:51:36.760+0000] {processor.py:830} INFO - Processing file /opt/airflow/dags/00_create_schemas_dag.py for tasks to queue
[2026-01-13T00:51:36.772+0000] {logging_mixin.py:188} INFO - [2026-01-13T00:51:36.770+0000] {dagbag.py:545} INFO - Filling up the DagBag from /opt/airflow/dags/00_create_schemas_dag.py
[2026-01-13T00:51:36.876+0000] {logging_mixin.py:188} INFO - [2026-01-13T00:51:36.874+0000] {templater.py:93} ERROR - Failed to resolve template field 'sql'
Traceback (most recent call last):
  File "/home/airflow/.local/lib/python3.10/site-packages/airflow/template/templater.py", line 91, in resolve_template_files
    setattr(self, field, env.loader.get_source(env, content)[0])  # type: ignore
  File "/home/airflow/.local/lib/python3.10/site-packages/jinja2/loaders.py", line 207, in get_source
    raise TemplateNotFound(template)
jinja2.exceptions.TemplateNotFound: schemas/00_create_schemas.sql
[2026-01-13T00:51:36.892+0000] {processor.py:840} INFO - DAG(s) '00_create_schemas' retrieved from /opt/airflow/dags/00_create_schemas_dag.py
[2026-01-13T00:51:36.978+0000] {logging_mixin.py:188} INFO - [2026-01-13T00:51:36.977+0000] {dag.py:3089} INFO - Sync 1 DAGs
[2026-01-13T00:51:37.008+0000] {logging_mixin.py:188} INFO - [2026-01-13T00:51:37.008+0000] {dag.py:3947} INFO - Setting next_dagrun for 00_create_schemas to None, run_after=None
[2026-01-13T00:51:37.077+0000] {processor.py:183} INFO - Processing /opt/airflow/dags/00_create_schemas_dag.py took 0.401 seconds
[2026-01-13T00:52:07.443+0000] {processor.py:161} INFO - Started process (PID=370) to work on /opt/airflow/dags/00_create_schemas_dag.py
[2026-01-13T00:52:07.445+0000] {processor.py:830} INFO - Processing file /opt/airflow/dags/00_create_schemas_dag.py for tasks to queue
[2026-01-13T00:52:07.449+0000] {logging_mixin.py:188} INFO - [2026-01-13T00:52:07.448+0000] {dagbag.py:545} INFO - Filling up the DagBag from /opt/airflow/dags/00_create_schemas_dag.py
[2026-01-13T00:52:07.473+0000] {logging_mixin.py:188} INFO - [2026-01-13T00:52:07.471+0000] {templater.py:93} ERROR - Failed to resolve template field 'sql'
Traceback (most recent call last):
  File "/home/airflow/.local/lib/python3.10/site-packages/airflow/template/templater.py", line 91, in resolve_template_files
    setattr(self, field, env.loader.get_source(env, content)[0])  # type: ignore
  File "/home/airflow/.local/lib/python3.10/site-packages/jinja2/loaders.py", line 207, in get_source
    raise TemplateNotFound(template)
jinja2.exceptions.TemplateNotFound: schemas/00_create_schemas.sql
[2026-01-13T00:52:07.484+0000] {processor.py:840} INFO - DAG(s) '00_create_schemas' retrieved from /opt/airflow/dags/00_create_schemas_dag.py
[2026-01-13T00:52:07.552+0000] {logging_mixin.py:188} INFO - [2026-01-13T00:52:07.552+0000] {dag.py:3089} INFO - Sync 1 DAGs
[2026-01-13T00:52:07.581+0000] {logging_mixin.py:188} INFO - [2026-01-13T00:52:07.580+0000] {dag.py:3947} INFO - Setting next_dagrun for 00_create_schemas to None, run_after=None
[2026-01-13T00:52:07.629+0000] {processor.py:183} INFO - Processing /opt/airflow/dags/00_create_schemas_dag.py took 0.198 seconds
[2026-01-13T00:52:38.253+0000] {processor.py:161} INFO - Started process (PID=380) to work on /opt/airflow/dags/00_create_schemas_dag.py
[2026-01-13T00:52:38.256+0000] {processor.py:830} INFO - Processing file /opt/airflow/dags/00_create_schemas_dag.py for tasks to queue
[2026-01-13T00:52:38.266+0000] {logging_mixin.py:188} INFO - [2026-01-13T00:52:38.265+0000] {dagbag.py:545} INFO - Filling up the DagBag from /opt/airflow/dags/00_create_schemas_dag.py
[2026-01-13T00:52:38.310+0000] {logging_mixin.py:188} INFO - [2026-01-13T00:52:38.308+0000] {templater.py:93} ERROR - Failed to resolve template field 'sql'
Traceback (most recent call last):
  File "/home/airflow/.local/lib/python3.10/site-packages/airflow/template/templater.py", line 91, in resolve_template_files
    setattr(self, field, env.loader.get_source(env, content)[0])  # type: ignore
  File "/home/airflow/.local/lib/python3.10/site-packages/jinja2/loaders.py", line 207, in get_source
    raise TemplateNotFound(template)
jinja2.exceptions.TemplateNotFound: schemas/00_create_schemas.sql
[2026-01-13T00:52:38.323+0000] {processor.py:840} INFO - DAG(s) '00_create_schemas' retrieved from /opt/airflow/dags/00_create_schemas_dag.py
[2026-01-13T00:52:38.449+0000] {logging_mixin.py:188} INFO - [2026-01-13T00:52:38.448+0000] {dag.py:3089} INFO - Sync 1 DAGs
[2026-01-13T00:52:38.495+0000] {logging_mixin.py:188} INFO - [2026-01-13T00:52:38.494+0000] {dag.py:3947} INFO - Setting next_dagrun for 00_create_schemas to None, run_after=None
[2026-01-13T00:52:38.605+0000] {processor.py:183} INFO - Processing /opt/airflow/dags/00_create_schemas_dag.py took 0.374 seconds
[2026-01-13T00:53:09.146+0000] {processor.py:161} INFO - Started process (PID=390) to work on /opt/airflow/dags/00_create_schemas_dag.py
[2026-01-13T00:53:09.149+0000] {processor.py:830} INFO - Processing file /opt/airflow/dags/00_create_schemas_dag.py for tasks to queue
[2026-01-13T00:53:09.155+0000] {logging_mixin.py:188} INFO - [2026-01-13T00:53:09.154+0000] {dagbag.py:545} INFO - Filling up the DagBag from /opt/airflow/dags/00_create_schemas_dag.py
[2026-01-13T00:53:09.204+0000] {logging_mixin.py:188} INFO - [2026-01-13T00:53:09.203+0000] {templater.py:93} ERROR - Failed to resolve template field 'sql'
Traceback (most recent call last):
  File "/home/airflow/.local/lib/python3.10/site-packages/airflow/template/templater.py", line 91, in resolve_template_files
    setattr(self, field, env.loader.get_source(env, content)[0])  # type: ignore
  File "/home/airflow/.local/lib/python3.10/site-packages/jinja2/loaders.py", line 207, in get_source
    raise TemplateNotFound(template)
jinja2.exceptions.TemplateNotFound: schemas/00_create_schemas.sql
[2026-01-13T00:53:09.224+0000] {processor.py:840} INFO - DAG(s) '00_create_schemas' retrieved from /opt/airflow/dags/00_create_schemas_dag.py
[2026-01-13T00:53:09.350+0000] {logging_mixin.py:188} INFO - [2026-01-13T00:53:09.349+0000] {dag.py:3089} INFO - Sync 1 DAGs
[2026-01-13T00:53:09.385+0000] {logging_mixin.py:188} INFO - [2026-01-13T00:53:09.384+0000] {dag.py:3947} INFO - Setting next_dagrun for 00_create_schemas to None, run_after=None
[2026-01-13T00:53:09.434+0000] {processor.py:183} INFO - Processing /opt/airflow/dags/00_create_schemas_dag.py took 0.308 seconds
[2026-01-13T00:53:39.907+0000] {processor.py:161} INFO - Started process (PID=400) to work on /opt/airflow/dags/00_create_schemas_dag.py
[2026-01-13T00:53:39.910+0000] {processor.py:830} INFO - Processing file /opt/airflow/dags/00_create_schemas_dag.py for tasks to queue
[2026-01-13T00:53:39.917+0000] {logging_mixin.py:188} INFO - [2026-01-13T00:53:39.916+0000] {dagbag.py:545} INFO - Filling up the DagBag from /opt/airflow/dags/00_create_schemas_dag.py
[2026-01-13T00:53:39.945+0000] {logging_mixin.py:188} INFO - [2026-01-13T00:53:39.944+0000] {templater.py:93} ERROR - Failed to resolve template field 'sql'
Traceback (most recent call last):
  File "/home/airflow/.local/lib/python3.10/site-packages/airflow/template/templater.py", line 91, in resolve_template_files
    setattr(self, field, env.loader.get_source(env, content)[0])  # type: ignore
  File "/home/airflow/.local/lib/python3.10/site-packages/jinja2/loaders.py", line 207, in get_source
    raise TemplateNotFound(template)
jinja2.exceptions.TemplateNotFound: schemas/00_create_schemas.sql
[2026-01-13T00:53:39.967+0000] {processor.py:840} INFO - DAG(s) '00_create_schemas' retrieved from /opt/airflow/dags/00_create_schemas_dag.py
[2026-01-13T00:53:40.053+0000] {logging_mixin.py:188} INFO - [2026-01-13T00:53:40.052+0000] {dag.py:3089} INFO - Sync 1 DAGs
[2026-01-13T00:53:40.078+0000] {logging_mixin.py:188} INFO - [2026-01-13T00:53:40.077+0000] {dag.py:3947} INFO - Setting next_dagrun for 00_create_schemas to None, run_after=None
[2026-01-13T00:53:40.125+0000] {processor.py:183} INFO - Processing /opt/airflow/dags/00_create_schemas_dag.py took 0.236 seconds
[2026-01-13T00:55:55.453+0000] {processor.py:161} INFO - Started process (PID=163) to work on /opt/airflow/dags/00_create_schemas_dag.py
[2026-01-13T00:55:55.458+0000] {processor.py:830} INFO - Processing file /opt/airflow/dags/00_create_schemas_dag.py for tasks to queue
[2026-01-13T00:55:55.475+0000] {logging_mixin.py:188} INFO - [2026-01-13T00:55:55.474+0000] {dagbag.py:545} INFO - Filling up the DagBag from /opt/airflow/dags/00_create_schemas_dag.py
[2026-01-13T00:55:55.868+0000] {processor.py:840} INFO - DAG(s) '00_create_schemas' retrieved from /opt/airflow/dags/00_create_schemas_dag.py
[2026-01-13T00:55:57.249+0000] {logging_mixin.py:188} INFO - [2026-01-13T00:55:57.247+0000] {dag.py:3089} INFO - Sync 1 DAGs
[2026-01-13T00:55:57.302+0000] {logging_mixin.py:188} INFO - [2026-01-13T00:55:57.301+0000] {dag.py:3947} INFO - Setting next_dagrun for 00_create_schemas to None, run_after=None
[2026-01-13T00:55:57.351+0000] {processor.py:183} INFO - Processing /opt/airflow/dags/00_create_schemas_dag.py took 1.932 seconds
[2026-01-13T00:56:28.182+0000] {processor.py:161} INFO - Started process (PID=173) to work on /opt/airflow/dags/00_create_schemas_dag.py
[2026-01-13T00:56:28.187+0000] {processor.py:830} INFO - Processing file /opt/airflow/dags/00_create_schemas_dag.py for tasks to queue
[2026-01-13T00:56:28.198+0000] {logging_mixin.py:188} INFO - [2026-01-13T00:56:28.197+0000] {dagbag.py:545} INFO - Filling up the DagBag from /opt/airflow/dags/00_create_schemas_dag.py
[2026-01-13T00:56:28.266+0000] {processor.py:840} INFO - DAG(s) '00_create_schemas' retrieved from /opt/airflow/dags/00_create_schemas_dag.py
[2026-01-13T00:56:28.391+0000] {logging_mixin.py:188} INFO - [2026-01-13T00:56:28.391+0000] {dag.py:3089} INFO - Sync 1 DAGs
[2026-01-13T00:56:28.434+0000] {logging_mixin.py:188} INFO - [2026-01-13T00:56:28.434+0000] {dag.py:3947} INFO - Setting next_dagrun for 00_create_schemas to None, run_after=None
[2026-01-13T00:56:28.516+0000] {processor.py:183} INFO - Processing /opt/airflow/dags/00_create_schemas_dag.py took 0.351 seconds
[2026-01-13T00:56:59.208+0000] {processor.py:161} INFO - Started process (PID=183) to work on /opt/airflow/dags/00_create_schemas_dag.py
[2026-01-13T00:56:59.212+0000] {processor.py:830} INFO - Processing file /opt/airflow/dags/00_create_schemas_dag.py for tasks to queue
[2026-01-13T00:56:59.220+0000] {logging_mixin.py:188} INFO - [2026-01-13T00:56:59.217+0000] {dagbag.py:545} INFO - Filling up the DagBag from /opt/airflow/dags/00_create_schemas_dag.py
[2026-01-13T00:56:59.357+0000] {processor.py:840} INFO - DAG(s) '00_create_schemas' retrieved from /opt/airflow/dags/00_create_schemas_dag.py
[2026-01-13T00:56:59.546+0000] {logging_mixin.py:188} INFO - [2026-01-13T00:56:59.546+0000] {dag.py:3089} INFO - Sync 1 DAGs
[2026-01-13T00:56:59.573+0000] {logging_mixin.py:188} INFO - [2026-01-13T00:56:59.573+0000] {dag.py:3947} INFO - Setting next_dagrun for 00_create_schemas to None, run_after=None
[2026-01-13T00:56:59.623+0000] {processor.py:183} INFO - Processing /opt/airflow/dags/00_create_schemas_dag.py took 0.439 seconds
[2026-01-13T00:57:29.854+0000] {processor.py:161} INFO - Started process (PID=195) to work on /opt/airflow/dags/00_create_schemas_dag.py
[2026-01-13T00:57:29.857+0000] {processor.py:830} INFO - Processing file /opt/airflow/dags/00_create_schemas_dag.py for tasks to queue
[2026-01-13T00:57:29.862+0000] {logging_mixin.py:188} INFO - [2026-01-13T00:57:29.861+0000] {dagbag.py:545} INFO - Filling up the DagBag from /opt/airflow/dags/00_create_schemas_dag.py
[2026-01-13T00:57:29.916+0000] {processor.py:840} INFO - DAG(s) '00_create_schemas' retrieved from /opt/airflow/dags/00_create_schemas_dag.py
[2026-01-13T00:57:30.075+0000] {logging_mixin.py:188} INFO - [2026-01-13T00:57:30.074+0000] {dag.py:3089} INFO - Sync 1 DAGs
[2026-01-13T00:57:30.179+0000] {logging_mixin.py:188} INFO - [2026-01-13T00:57:30.176+0000] {dag.py:3947} INFO - Setting next_dagrun for 00_create_schemas to None, run_after=None
[2026-01-13T00:57:30.241+0000] {processor.py:183} INFO - Processing /opt/airflow/dags/00_create_schemas_dag.py took 0.415 seconds
[2026-01-13T00:58:01.032+0000] {processor.py:161} INFO - Started process (PID=205) to work on /opt/airflow/dags/00_create_schemas_dag.py
[2026-01-13T00:58:01.038+0000] {processor.py:830} INFO - Processing file /opt/airflow/dags/00_create_schemas_dag.py for tasks to queue
[2026-01-13T00:58:01.048+0000] {logging_mixin.py:188} INFO - [2026-01-13T00:58:01.047+0000] {dagbag.py:545} INFO - Filling up the DagBag from /opt/airflow/dags/00_create_schemas_dag.py
[2026-01-13T00:58:01.122+0000] {processor.py:840} INFO - DAG(s) '00_create_schemas' retrieved from /opt/airflow/dags/00_create_schemas_dag.py
[2026-01-13T00:58:01.370+0000] {logging_mixin.py:188} INFO - [2026-01-13T00:58:01.369+0000] {dag.py:3089} INFO - Sync 1 DAGs
[2026-01-13T00:58:01.428+0000] {logging_mixin.py:188} INFO - [2026-01-13T00:58:01.427+0000] {dag.py:3947} INFO - Setting next_dagrun for 00_create_schemas to None, run_after=None
[2026-01-13T00:58:01.522+0000] {processor.py:183} INFO - Processing /opt/airflow/dags/00_create_schemas_dag.py took 0.520 seconds
[2026-01-13T00:58:32.340+0000] {processor.py:161} INFO - Started process (PID=215) to work on /opt/airflow/dags/00_create_schemas_dag.py
[2026-01-13T00:58:32.346+0000] {processor.py:830} INFO - Processing file /opt/airflow/dags/00_create_schemas_dag.py for tasks to queue
[2026-01-13T00:58:32.369+0000] {logging_mixin.py:188} INFO - [2026-01-13T00:58:32.357+0000] {dagbag.py:545} INFO - Filling up the DagBag from /opt/airflow/dags/00_create_schemas_dag.py
[2026-01-13T00:58:32.453+0000] {processor.py:840} INFO - DAG(s) '00_create_schemas' retrieved from /opt/airflow/dags/00_create_schemas_dag.py
[2026-01-13T00:58:32.561+0000] {logging_mixin.py:188} INFO - [2026-01-13T00:58:32.560+0000] {dag.py:3089} INFO - Sync 1 DAGs
[2026-01-13T00:58:32.606+0000] {logging_mixin.py:188} INFO - [2026-01-13T00:58:32.605+0000] {dag.py:3947} INFO - Setting next_dagrun for 00_create_schemas to None, run_after=None
[2026-01-13T00:58:32.686+0000] {processor.py:183} INFO - Processing /opt/airflow/dags/00_create_schemas_dag.py took 0.469 seconds
[2026-01-13T00:59:03.409+0000] {processor.py:161} INFO - Started process (PID=225) to work on /opt/airflow/dags/00_create_schemas_dag.py
[2026-01-13T00:59:03.414+0000] {processor.py:830} INFO - Processing file /opt/airflow/dags/00_create_schemas_dag.py for tasks to queue
[2026-01-13T00:59:03.426+0000] {logging_mixin.py:188} INFO - [2026-01-13T00:59:03.425+0000] {dagbag.py:545} INFO - Filling up the DagBag from /opt/airflow/dags/00_create_schemas_dag.py
[2026-01-13T00:59:03.492+0000] {processor.py:840} INFO - DAG(s) '00_create_schemas' retrieved from /opt/airflow/dags/00_create_schemas_dag.py
[2026-01-13T00:59:03.562+0000] {logging_mixin.py:188} INFO - [2026-01-13T00:59:03.562+0000] {dag.py:3089} INFO - Sync 1 DAGs
[2026-01-13T00:59:03.592+0000] {logging_mixin.py:188} INFO - [2026-01-13T00:59:03.592+0000] {dag.py:3947} INFO - Setting next_dagrun for 00_create_schemas to None, run_after=None
[2026-01-13T00:59:03.644+0000] {processor.py:183} INFO - Processing /opt/airflow/dags/00_create_schemas_dag.py took 0.287 seconds
[2026-01-13T00:59:34.142+0000] {processor.py:161} INFO - Started process (PID=235) to work on /opt/airflow/dags/00_create_schemas_dag.py
[2026-01-13T00:59:34.151+0000] {processor.py:830} INFO - Processing file /opt/airflow/dags/00_create_schemas_dag.py for tasks to queue
[2026-01-13T00:59:34.166+0000] {logging_mixin.py:188} INFO - [2026-01-13T00:59:34.165+0000] {dagbag.py:545} INFO - Filling up the DagBag from /opt/airflow/dags/00_create_schemas_dag.py
[2026-01-13T00:59:34.309+0000] {processor.py:840} INFO - DAG(s) '00_create_schemas' retrieved from /opt/airflow/dags/00_create_schemas_dag.py
[2026-01-13T00:59:34.517+0000] {logging_mixin.py:188} INFO - [2026-01-13T00:59:34.516+0000] {dag.py:3089} INFO - Sync 1 DAGs
[2026-01-13T00:59:34.556+0000] {logging_mixin.py:188} INFO - [2026-01-13T00:59:34.555+0000] {dag.py:3947} INFO - Setting next_dagrun for 00_create_schemas to None, run_after=None
[2026-01-13T00:59:34.685+0000] {processor.py:183} INFO - Processing /opt/airflow/dags/00_create_schemas_dag.py took 0.574 seconds
[2026-01-13T01:00:05.380+0000] {processor.py:161} INFO - Started process (PID=245) to work on /opt/airflow/dags/00_create_schemas_dag.py
[2026-01-13T01:00:05.456+0000] {processor.py:830} INFO - Processing file /opt/airflow/dags/00_create_schemas_dag.py for tasks to queue
[2026-01-13T01:00:05.536+0000] {logging_mixin.py:188} INFO - [2026-01-13T01:00:05.532+0000] {dagbag.py:545} INFO - Filling up the DagBag from /opt/airflow/dags/00_create_schemas_dag.py
[2026-01-13T01:00:05.859+0000] {processor.py:840} INFO - DAG(s) '00_create_schemas' retrieved from /opt/airflow/dags/00_create_schemas_dag.py
[2026-01-13T01:00:06.122+0000] {logging_mixin.py:188} INFO - [2026-01-13T01:00:06.116+0000] {dag.py:3089} INFO - Sync 1 DAGs
[2026-01-13T01:00:06.209+0000] {logging_mixin.py:188} INFO - [2026-01-13T01:00:06.209+0000] {dag.py:3947} INFO - Setting next_dagrun for 00_create_schemas to None, run_after=None
[2026-01-13T01:00:06.372+0000] {processor.py:183} INFO - Processing /opt/airflow/dags/00_create_schemas_dag.py took 1.137 seconds
[2026-01-13T01:00:37.095+0000] {processor.py:161} INFO - Started process (PID=255) to work on /opt/airflow/dags/00_create_schemas_dag.py
[2026-01-13T01:00:37.101+0000] {processor.py:830} INFO - Processing file /opt/airflow/dags/00_create_schemas_dag.py for tasks to queue
[2026-01-13T01:00:37.113+0000] {logging_mixin.py:188} INFO - [2026-01-13T01:00:37.113+0000] {dagbag.py:545} INFO - Filling up the DagBag from /opt/airflow/dags/00_create_schemas_dag.py
[2026-01-13T01:00:37.190+0000] {processor.py:840} INFO - DAG(s) '00_create_schemas' retrieved from /opt/airflow/dags/00_create_schemas_dag.py
[2026-01-13T01:00:37.408+0000] {logging_mixin.py:188} INFO - [2026-01-13T01:00:37.406+0000] {dag.py:3089} INFO - Sync 1 DAGs
[2026-01-13T01:00:37.494+0000] {logging_mixin.py:188} INFO - [2026-01-13T01:00:37.493+0000] {dag.py:3947} INFO - Setting next_dagrun for 00_create_schemas to None, run_after=None
[2026-01-13T01:00:37.652+0000] {processor.py:183} INFO - Processing /opt/airflow/dags/00_create_schemas_dag.py took 0.589 seconds
[2026-01-13T01:01:08.421+0000] {processor.py:161} INFO - Started process (PID=267) to work on /opt/airflow/dags/00_create_schemas_dag.py
[2026-01-13T01:01:08.427+0000] {processor.py:830} INFO - Processing file /opt/airflow/dags/00_create_schemas_dag.py for tasks to queue
[2026-01-13T01:01:08.432+0000] {logging_mixin.py:188} INFO - [2026-01-13T01:01:08.431+0000] {dagbag.py:545} INFO - Filling up the DagBag from /opt/airflow/dags/00_create_schemas_dag.py
[2026-01-13T01:01:08.476+0000] {processor.py:840} INFO - DAG(s) '00_create_schemas' retrieved from /opt/airflow/dags/00_create_schemas_dag.py
[2026-01-13T01:01:08.608+0000] {logging_mixin.py:188} INFO - [2026-01-13T01:01:08.607+0000] {dag.py:3089} INFO - Sync 1 DAGs
[2026-01-13T01:01:08.670+0000] {logging_mixin.py:188} INFO - [2026-01-13T01:01:08.669+0000] {dag.py:3947} INFO - Setting next_dagrun for 00_create_schemas to None, run_after=None
[2026-01-13T01:01:08.737+0000] {processor.py:183} INFO - Processing /opt/airflow/dags/00_create_schemas_dag.py took 0.331 seconds
[2026-01-13T01:01:39.354+0000] {processor.py:161} INFO - Started process (PID=277) to work on /opt/airflow/dags/00_create_schemas_dag.py
[2026-01-13T01:01:39.358+0000] {processor.py:830} INFO - Processing file /opt/airflow/dags/00_create_schemas_dag.py for tasks to queue
[2026-01-13T01:01:39.382+0000] {logging_mixin.py:188} INFO - [2026-01-13T01:01:39.381+0000] {dagbag.py:545} INFO - Filling up the DagBag from /opt/airflow/dags/00_create_schemas_dag.py
[2026-01-13T01:01:39.460+0000] {processor.py:840} INFO - DAG(s) '00_create_schemas' retrieved from /opt/airflow/dags/00_create_schemas_dag.py
[2026-01-13T01:01:39.850+0000] {logging_mixin.py:188} INFO - [2026-01-13T01:01:39.849+0000] {dag.py:3089} INFO - Sync 1 DAGs
[2026-01-13T01:01:39.947+0000] {logging_mixin.py:188} INFO - [2026-01-13T01:01:39.947+0000] {dag.py:3947} INFO - Setting next_dagrun for 00_create_schemas to None, run_after=None
[2026-01-13T01:01:40.046+0000] {processor.py:183} INFO - Processing /opt/airflow/dags/00_create_schemas_dag.py took 0.712 seconds
[2026-01-13T01:02:10.882+0000] {processor.py:161} INFO - Started process (PID=287) to work on /opt/airflow/dags/00_create_schemas_dag.py
[2026-01-13T01:02:10.887+0000] {processor.py:830} INFO - Processing file /opt/airflow/dags/00_create_schemas_dag.py for tasks to queue
[2026-01-13T01:02:10.892+0000] {logging_mixin.py:188} INFO - [2026-01-13T01:02:10.891+0000] {dagbag.py:545} INFO - Filling up the DagBag from /opt/airflow/dags/00_create_schemas_dag.py
[2026-01-13T01:02:10.938+0000] {processor.py:840} INFO - DAG(s) '00_create_schemas' retrieved from /opt/airflow/dags/00_create_schemas_dag.py
[2026-01-13T01:02:11.346+0000] {logging_mixin.py:188} INFO - [2026-01-13T01:02:11.345+0000] {dag.py:3089} INFO - Sync 1 DAGs
[2026-01-13T01:02:11.367+0000] {logging_mixin.py:188} INFO - [2026-01-13T01:02:11.367+0000] {dag.py:3947} INFO - Setting next_dagrun for 00_create_schemas to None, run_after=None
[2026-01-13T01:02:11.411+0000] {processor.py:183} INFO - Processing /opt/airflow/dags/00_create_schemas_dag.py took 0.545 seconds
[2026-01-13T01:02:41.786+0000] {processor.py:161} INFO - Started process (PID=301) to work on /opt/airflow/dags/00_create_schemas_dag.py
[2026-01-13T01:02:41.793+0000] {processor.py:830} INFO - Processing file /opt/airflow/dags/00_create_schemas_dag.py for tasks to queue
[2026-01-13T01:02:41.800+0000] {logging_mixin.py:188} INFO - [2026-01-13T01:02:41.799+0000] {dagbag.py:545} INFO - Filling up the DagBag from /opt/airflow/dags/00_create_schemas_dag.py
[2026-01-13T01:02:41.950+0000] {processor.py:840} INFO - DAG(s) '00_create_schemas' retrieved from /opt/airflow/dags/00_create_schemas_dag.py
[2026-01-13T01:02:42.349+0000] {logging_mixin.py:188} INFO - [2026-01-13T01:02:42.338+0000] {dag.py:3089} INFO - Sync 1 DAGs
[2026-01-13T01:02:42.450+0000] {logging_mixin.py:188} INFO - [2026-01-13T01:02:42.450+0000] {dag.py:3947} INFO - Setting next_dagrun for 00_create_schemas to None, run_after=None
[2026-01-13T01:02:42.617+0000] {processor.py:183} INFO - Processing /opt/airflow/dags/00_create_schemas_dag.py took 0.864 seconds
[2026-01-13T01:03:13.033+0000] {processor.py:161} INFO - Started process (PID=311) to work on /opt/airflow/dags/00_create_schemas_dag.py
[2026-01-13T01:03:13.036+0000] {processor.py:830} INFO - Processing file /opt/airflow/dags/00_create_schemas_dag.py for tasks to queue
[2026-01-13T01:03:13.040+0000] {logging_mixin.py:188} INFO - [2026-01-13T01:03:13.039+0000] {dagbag.py:545} INFO - Filling up the DagBag from /opt/airflow/dags/00_create_schemas_dag.py
[2026-01-13T01:03:13.104+0000] {processor.py:840} INFO - DAG(s) '00_create_schemas' retrieved from /opt/airflow/dags/00_create_schemas_dag.py
[2026-01-13T01:03:13.219+0000] {logging_mixin.py:188} INFO - [2026-01-13T01:03:13.219+0000] {dag.py:3089} INFO - Sync 1 DAGs
[2026-01-13T01:03:13.434+0000] {logging_mixin.py:188} INFO - [2026-01-13T01:03:13.433+0000] {dag.py:3947} INFO - Setting next_dagrun for 00_create_schemas to None, run_after=None
[2026-01-13T01:03:13.632+0000] {processor.py:183} INFO - Processing /opt/airflow/dags/00_create_schemas_dag.py took 0.617 seconds
[2026-01-13T01:03:44.278+0000] {processor.py:161} INFO - Started process (PID=321) to work on /opt/airflow/dags/00_create_schemas_dag.py
[2026-01-13T01:03:44.284+0000] {processor.py:830} INFO - Processing file /opt/airflow/dags/00_create_schemas_dag.py for tasks to queue
[2026-01-13T01:03:44.455+0000] {logging_mixin.py:188} INFO - [2026-01-13T01:03:44.454+0000] {dagbag.py:545} INFO - Filling up the DagBag from /opt/airflow/dags/00_create_schemas_dag.py
[2026-01-13T01:03:44.621+0000] {processor.py:840} INFO - DAG(s) '00_create_schemas' retrieved from /opt/airflow/dags/00_create_schemas_dag.py
[2026-01-13T01:03:44.872+0000] {logging_mixin.py:188} INFO - [2026-01-13T01:03:44.871+0000] {dag.py:3089} INFO - Sync 1 DAGs
[2026-01-13T01:03:44.939+0000] {logging_mixin.py:188} INFO - [2026-01-13T01:03:44.938+0000] {dag.py:3947} INFO - Setting next_dagrun for 00_create_schemas to None, run_after=None
[2026-01-13T01:03:45.093+0000] {processor.py:183} INFO - Processing /opt/airflow/dags/00_create_schemas_dag.py took 0.856 seconds
[2026-01-13T01:04:15.964+0000] {processor.py:161} INFO - Started process (PID=333) to work on /opt/airflow/dags/00_create_schemas_dag.py
[2026-01-13T01:04:15.967+0000] {processor.py:830} INFO - Processing file /opt/airflow/dags/00_create_schemas_dag.py for tasks to queue
[2026-01-13T01:04:15.972+0000] {logging_mixin.py:188} INFO - [2026-01-13T01:04:15.971+0000] {dagbag.py:545} INFO - Filling up the DagBag from /opt/airflow/dags/00_create_schemas_dag.py
[2026-01-13T01:04:16.101+0000] {processor.py:840} INFO - DAG(s) '00_create_schemas' retrieved from /opt/airflow/dags/00_create_schemas_dag.py
[2026-01-13T01:04:16.550+0000] {logging_mixin.py:188} INFO - [2026-01-13T01:04:16.550+0000] {dag.py:3089} INFO - Sync 1 DAGs
[2026-01-13T01:04:16.738+0000] {logging_mixin.py:188} INFO - [2026-01-13T01:04:16.726+0000] {dag.py:3947} INFO - Setting next_dagrun for 00_create_schemas to None, run_after=None
[2026-01-13T01:04:16.948+0000] {processor.py:183} INFO - Processing /opt/airflow/dags/00_create_schemas_dag.py took 0.997 seconds
