[2026-01-13T00:23:45.982+0000] {processor.py:161} INFO - Started process (PID=160) to work on /opt/airflow/dags/01_create_raw_tables_dag.py
[2026-01-13T00:23:45.996+0000] {processor.py:830} INFO - Processing file /opt/airflow/dags/01_create_raw_tables_dag.py for tasks to queue
[2026-01-13T00:23:46.011+0000] {logging_mixin.py:188} INFO - [2026-01-13T00:23:46.010+0000] {dagbag.py:545} INFO - Filling up the DagBag from /opt/airflow/dags/01_create_raw_tables_dag.py
[2026-01-13T00:23:46.176+0000] {logging_mixin.py:188} INFO - [2026-01-13T00:23:46.165+0000] {templater.py:93} ERROR - Failed to resolve template field 'sql'
Traceback (most recent call last):
  File "/home/airflow/.local/lib/python3.10/site-packages/airflow/template/templater.py", line 91, in resolve_template_files
    setattr(self, field, env.loader.get_source(env, content)[0])  # type: ignore
  File "/home/airflow/.local/lib/python3.10/site-packages/jinja2/loaders.py", line 207, in get_source
    raise TemplateNotFound(template)
jinja2.exceptions.TemplateNotFound: sql/raw/01_create_raw_deuda_publica.sql
[2026-01-13T00:23:46.305+0000] {processor.py:840} INFO - DAG(s) '01_create_raw_tables' retrieved from /opt/airflow/dags/01_create_raw_tables_dag.py
[2026-01-13T00:23:47.954+0000] {logging_mixin.py:188} INFO - [2026-01-13T00:23:47.953+0000] {dag.py:3089} INFO - Sync 1 DAGs
[2026-01-13T00:23:48.059+0000] {logging_mixin.py:188} INFO - [2026-01-13T00:23:48.059+0000] {dag.py:3947} INFO - Setting next_dagrun for 01_create_raw_tables to None, run_after=None
[2026-01-13T00:23:48.135+0000] {processor.py:183} INFO - Processing /opt/airflow/dags/01_create_raw_tables_dag.py took 2.377 seconds
[2026-01-13T00:24:18.923+0000] {processor.py:161} INFO - Started process (PID=170) to work on /opt/airflow/dags/01_create_raw_tables_dag.py
[2026-01-13T00:24:18.928+0000] {processor.py:830} INFO - Processing file /opt/airflow/dags/01_create_raw_tables_dag.py for tasks to queue
[2026-01-13T00:24:18.941+0000] {logging_mixin.py:188} INFO - [2026-01-13T00:24:18.940+0000] {dagbag.py:545} INFO - Filling up the DagBag from /opt/airflow/dags/01_create_raw_tables_dag.py
[2026-01-13T00:24:18.986+0000] {logging_mixin.py:188} INFO - [2026-01-13T00:24:18.984+0000] {templater.py:93} ERROR - Failed to resolve template field 'sql'
Traceback (most recent call last):
  File "/home/airflow/.local/lib/python3.10/site-packages/airflow/template/templater.py", line 91, in resolve_template_files
    setattr(self, field, env.loader.get_source(env, content)[0])  # type: ignore
  File "/home/airflow/.local/lib/python3.10/site-packages/jinja2/loaders.py", line 207, in get_source
    raise TemplateNotFound(template)
jinja2.exceptions.TemplateNotFound: sql/raw/01_create_raw_deuda_publica.sql
[2026-01-13T00:24:19.000+0000] {processor.py:840} INFO - DAG(s) '01_create_raw_tables' retrieved from /opt/airflow/dags/01_create_raw_tables_dag.py
[2026-01-13T00:24:19.144+0000] {logging_mixin.py:188} INFO - [2026-01-13T00:24:19.143+0000] {dag.py:3089} INFO - Sync 1 DAGs
[2026-01-13T00:24:19.418+0000] {logging_mixin.py:188} INFO - [2026-01-13T00:24:19.417+0000] {dag.py:3947} INFO - Setting next_dagrun for 01_create_raw_tables to None, run_after=None
[2026-01-13T00:24:19.526+0000] {processor.py:183} INFO - Processing /opt/airflow/dags/01_create_raw_tables_dag.py took 0.626 seconds
[2026-01-13T00:24:50.164+0000] {processor.py:161} INFO - Started process (PID=182) to work on /opt/airflow/dags/01_create_raw_tables_dag.py
[2026-01-13T00:24:50.168+0000] {processor.py:830} INFO - Processing file /opt/airflow/dags/01_create_raw_tables_dag.py for tasks to queue
[2026-01-13T00:24:50.174+0000] {logging_mixin.py:188} INFO - [2026-01-13T00:24:50.173+0000] {dagbag.py:545} INFO - Filling up the DagBag from /opt/airflow/dags/01_create_raw_tables_dag.py
[2026-01-13T00:24:50.238+0000] {logging_mixin.py:188} INFO - [2026-01-13T00:24:50.236+0000] {templater.py:93} ERROR - Failed to resolve template field 'sql'
Traceback (most recent call last):
  File "/home/airflow/.local/lib/python3.10/site-packages/airflow/template/templater.py", line 91, in resolve_template_files
    setattr(self, field, env.loader.get_source(env, content)[0])  # type: ignore
  File "/home/airflow/.local/lib/python3.10/site-packages/jinja2/loaders.py", line 207, in get_source
    raise TemplateNotFound(template)
jinja2.exceptions.TemplateNotFound: sql/raw/01_create_raw_deuda_publica.sql
[2026-01-13T00:24:50.280+0000] {processor.py:840} INFO - DAG(s) '01_create_raw_tables' retrieved from /opt/airflow/dags/01_create_raw_tables_dag.py
[2026-01-13T00:24:50.915+0000] {logging_mixin.py:188} INFO - [2026-01-13T00:24:50.915+0000] {dag.py:3089} INFO - Sync 1 DAGs
[2026-01-13T00:24:51.086+0000] {logging_mixin.py:188} INFO - [2026-01-13T00:24:51.084+0000] {dag.py:3947} INFO - Setting next_dagrun for 01_create_raw_tables to None, run_after=None
[2026-01-13T00:24:51.378+0000] {processor.py:183} INFO - Processing /opt/airflow/dags/01_create_raw_tables_dag.py took 1.233 seconds
[2026-01-13T00:25:21.871+0000] {processor.py:161} INFO - Started process (PID=192) to work on /opt/airflow/dags/01_create_raw_tables_dag.py
[2026-01-13T00:25:21.876+0000] {processor.py:830} INFO - Processing file /opt/airflow/dags/01_create_raw_tables_dag.py for tasks to queue
[2026-01-13T00:25:21.894+0000] {logging_mixin.py:188} INFO - [2026-01-13T00:25:21.893+0000] {dagbag.py:545} INFO - Filling up the DagBag from /opt/airflow/dags/01_create_raw_tables_dag.py
[2026-01-13T00:25:22.087+0000] {logging_mixin.py:188} INFO - [2026-01-13T00:25:22.083+0000] {templater.py:93} ERROR - Failed to resolve template field 'sql'
Traceback (most recent call last):
  File "/home/airflow/.local/lib/python3.10/site-packages/airflow/template/templater.py", line 91, in resolve_template_files
    setattr(self, field, env.loader.get_source(env, content)[0])  # type: ignore
  File "/home/airflow/.local/lib/python3.10/site-packages/jinja2/loaders.py", line 207, in get_source
    raise TemplateNotFound(template)
jinja2.exceptions.TemplateNotFound: sql/raw/01_create_raw_deuda_publica.sql
[2026-01-13T00:25:22.138+0000] {processor.py:840} INFO - DAG(s) '01_create_raw_tables' retrieved from /opt/airflow/dags/01_create_raw_tables_dag.py
[2026-01-13T00:25:22.447+0000] {logging_mixin.py:188} INFO - [2026-01-13T00:25:22.445+0000] {dag.py:3089} INFO - Sync 1 DAGs
[2026-01-13T00:25:22.525+0000] {logging_mixin.py:188} INFO - [2026-01-13T00:25:22.524+0000] {dag.py:3947} INFO - Setting next_dagrun for 01_create_raw_tables to None, run_after=None
[2026-01-13T00:25:22.621+0000] {processor.py:183} INFO - Processing /opt/airflow/dags/01_create_raw_tables_dag.py took 0.776 seconds
[2026-01-13T00:25:48.416+0000] {processor.py:161} INFO - Started process (PID=212) to work on /opt/airflow/dags/01_create_raw_tables_dag.py
[2026-01-13T00:25:48.420+0000] {processor.py:830} INFO - Processing file /opt/airflow/dags/01_create_raw_tables_dag.py for tasks to queue
[2026-01-13T00:25:48.427+0000] {logging_mixin.py:188} INFO - [2026-01-13T00:25:48.426+0000] {dagbag.py:545} INFO - Filling up the DagBag from /opt/airflow/dags/01_create_raw_tables_dag.py
[2026-01-13T00:25:48.478+0000] {logging_mixin.py:188} INFO - [2026-01-13T00:25:48.475+0000] {templater.py:93} ERROR - Failed to resolve template field 'sql'
Traceback (most recent call last):
  File "/home/airflow/.local/lib/python3.10/site-packages/airflow/template/templater.py", line 91, in resolve_template_files
    setattr(self, field, env.loader.get_source(env, content)[0])  # type: ignore
  File "/home/airflow/.local/lib/python3.10/site-packages/jinja2/loaders.py", line 207, in get_source
    raise TemplateNotFound(template)
jinja2.exceptions.TemplateNotFound: sql/raw/01_create_raw_deuda_publica.sql
[2026-01-13T00:25:48.524+0000] {processor.py:840} INFO - DAG(s) '01_create_raw_tables' retrieved from /opt/airflow/dags/01_create_raw_tables_dag.py
[2026-01-13T00:25:48.601+0000] {logging_mixin.py:188} INFO - [2026-01-13T00:25:48.600+0000] {dag.py:3089} INFO - Sync 1 DAGs
[2026-01-13T00:25:48.625+0000] {logging_mixin.py:188} INFO - [2026-01-13T00:25:48.624+0000] {dag.py:3947} INFO - Setting next_dagrun for 01_create_raw_tables to None, run_after=None
[2026-01-13T00:25:48.665+0000] {processor.py:183} INFO - Processing /opt/airflow/dags/01_create_raw_tables_dag.py took 0.272 seconds
[2026-01-13T00:26:19.176+0000] {processor.py:161} INFO - Started process (PID=224) to work on /opt/airflow/dags/01_create_raw_tables_dag.py
[2026-01-13T00:26:19.178+0000] {processor.py:830} INFO - Processing file /opt/airflow/dags/01_create_raw_tables_dag.py for tasks to queue
[2026-01-13T00:26:19.187+0000] {logging_mixin.py:188} INFO - [2026-01-13T00:26:19.187+0000] {dagbag.py:545} INFO - Filling up the DagBag from /opt/airflow/dags/01_create_raw_tables_dag.py
[2026-01-13T00:26:19.216+0000] {logging_mixin.py:188} INFO - [2026-01-13T00:26:19.215+0000] {templater.py:93} ERROR - Failed to resolve template field 'sql'
Traceback (most recent call last):
  File "/home/airflow/.local/lib/python3.10/site-packages/airflow/template/templater.py", line 91, in resolve_template_files
    setattr(self, field, env.loader.get_source(env, content)[0])  # type: ignore
  File "/home/airflow/.local/lib/python3.10/site-packages/jinja2/loaders.py", line 207, in get_source
    raise TemplateNotFound(template)
jinja2.exceptions.TemplateNotFound: sql/raw/01_create_raw_deuda_publica.sql
[2026-01-13T00:26:19.224+0000] {processor.py:840} INFO - DAG(s) '01_create_raw_tables' retrieved from /opt/airflow/dags/01_create_raw_tables_dag.py
[2026-01-13T00:26:19.303+0000] {logging_mixin.py:188} INFO - [2026-01-13T00:26:19.302+0000] {dag.py:3089} INFO - Sync 1 DAGs
[2026-01-13T00:26:19.323+0000] {logging_mixin.py:188} INFO - [2026-01-13T00:26:19.322+0000] {dag.py:3947} INFO - Setting next_dagrun for 01_create_raw_tables to None, run_after=None
[2026-01-13T00:26:19.369+0000] {processor.py:183} INFO - Processing /opt/airflow/dags/01_create_raw_tables_dag.py took 0.214 seconds
[2026-01-13T00:26:50.052+0000] {processor.py:161} INFO - Started process (PID=241) to work on /opt/airflow/dags/01_create_raw_tables_dag.py
[2026-01-13T00:26:50.058+0000] {processor.py:830} INFO - Processing file /opt/airflow/dags/01_create_raw_tables_dag.py for tasks to queue
[2026-01-13T00:26:50.068+0000] {logging_mixin.py:188} INFO - [2026-01-13T00:26:50.063+0000] {dagbag.py:545} INFO - Filling up the DagBag from /opt/airflow/dags/01_create_raw_tables_dag.py
[2026-01-13T00:26:50.139+0000] {logging_mixin.py:188} INFO - [2026-01-13T00:26:50.137+0000] {templater.py:93} ERROR - Failed to resolve template field 'sql'
Traceback (most recent call last):
  File "/home/airflow/.local/lib/python3.10/site-packages/airflow/template/templater.py", line 91, in resolve_template_files
    setattr(self, field, env.loader.get_source(env, content)[0])  # type: ignore
  File "/home/airflow/.local/lib/python3.10/site-packages/jinja2/loaders.py", line 207, in get_source
    raise TemplateNotFound(template)
jinja2.exceptions.TemplateNotFound: sql/raw/01_create_raw_deuda_publica.sql
[2026-01-13T00:26:50.163+0000] {processor.py:840} INFO - DAG(s) '01_create_raw_tables' retrieved from /opt/airflow/dags/01_create_raw_tables_dag.py
[2026-01-13T00:26:50.304+0000] {logging_mixin.py:188} INFO - [2026-01-13T00:26:50.303+0000] {dag.py:3089} INFO - Sync 1 DAGs
[2026-01-13T00:26:50.352+0000] {logging_mixin.py:188} INFO - [2026-01-13T00:26:50.350+0000] {dag.py:3947} INFO - Setting next_dagrun for 01_create_raw_tables to None, run_after=None
[2026-01-13T00:26:50.458+0000] {processor.py:183} INFO - Processing /opt/airflow/dags/01_create_raw_tables_dag.py took 0.455 seconds
[2026-01-13T00:27:20.882+0000] {processor.py:161} INFO - Started process (PID=251) to work on /opt/airflow/dags/01_create_raw_tables_dag.py
[2026-01-13T00:27:20.886+0000] {processor.py:830} INFO - Processing file /opt/airflow/dags/01_create_raw_tables_dag.py for tasks to queue
[2026-01-13T00:27:20.890+0000] {logging_mixin.py:188} INFO - [2026-01-13T00:27:20.889+0000] {dagbag.py:545} INFO - Filling up the DagBag from /opt/airflow/dags/01_create_raw_tables_dag.py
[2026-01-13T00:27:20.925+0000] {logging_mixin.py:188} INFO - [2026-01-13T00:27:20.924+0000] {templater.py:93} ERROR - Failed to resolve template field 'sql'
Traceback (most recent call last):
  File "/home/airflow/.local/lib/python3.10/site-packages/airflow/template/templater.py", line 91, in resolve_template_files
    setattr(self, field, env.loader.get_source(env, content)[0])  # type: ignore
  File "/home/airflow/.local/lib/python3.10/site-packages/jinja2/loaders.py", line 207, in get_source
    raise TemplateNotFound(template)
jinja2.exceptions.TemplateNotFound: sql/raw/01_create_raw_deuda_publica.sql
[2026-01-13T00:27:20.981+0000] {processor.py:840} INFO - DAG(s) '01_create_raw_tables' retrieved from /opt/airflow/dags/01_create_raw_tables_dag.py
[2026-01-13T00:27:21.048+0000] {logging_mixin.py:188} INFO - [2026-01-13T00:27:21.048+0000] {dag.py:3089} INFO - Sync 1 DAGs
[2026-01-13T00:27:21.088+0000] {logging_mixin.py:188} INFO - [2026-01-13T00:27:21.088+0000] {dag.py:3947} INFO - Setting next_dagrun for 01_create_raw_tables to None, run_after=None
[2026-01-13T00:27:21.128+0000] {processor.py:183} INFO - Processing /opt/airflow/dags/01_create_raw_tables_dag.py took 0.259 seconds
[2026-01-13T00:27:52.165+0000] {processor.py:161} INFO - Started process (PID=261) to work on /opt/airflow/dags/01_create_raw_tables_dag.py
[2026-01-13T00:27:52.168+0000] {processor.py:830} INFO - Processing file /opt/airflow/dags/01_create_raw_tables_dag.py for tasks to queue
[2026-01-13T00:27:52.174+0000] {logging_mixin.py:188} INFO - [2026-01-13T00:27:52.173+0000] {dagbag.py:545} INFO - Filling up the DagBag from /opt/airflow/dags/01_create_raw_tables_dag.py
[2026-01-13T00:27:52.210+0000] {logging_mixin.py:188} INFO - [2026-01-13T00:27:52.209+0000] {templater.py:93} ERROR - Failed to resolve template field 'sql'
Traceback (most recent call last):
  File "/home/airflow/.local/lib/python3.10/site-packages/airflow/template/templater.py", line 91, in resolve_template_files
    setattr(self, field, env.loader.get_source(env, content)[0])  # type: ignore
  File "/home/airflow/.local/lib/python3.10/site-packages/jinja2/loaders.py", line 207, in get_source
    raise TemplateNotFound(template)
jinja2.exceptions.TemplateNotFound: sql/raw/01_create_raw_deuda_publica.sql
[2026-01-13T00:27:52.222+0000] {processor.py:840} INFO - DAG(s) '01_create_raw_tables' retrieved from /opt/airflow/dags/01_create_raw_tables_dag.py
[2026-01-13T00:27:52.400+0000] {logging_mixin.py:188} INFO - [2026-01-13T00:27:52.399+0000] {dag.py:3089} INFO - Sync 1 DAGs
[2026-01-13T00:27:52.821+0000] {logging_mixin.py:188} INFO - [2026-01-13T00:27:52.820+0000] {dag.py:3947} INFO - Setting next_dagrun for 01_create_raw_tables to None, run_after=None
[2026-01-13T00:27:52.991+0000] {processor.py:183} INFO - Processing /opt/airflow/dags/01_create_raw_tables_dag.py took 0.839 seconds
[2026-01-13T00:28:23.634+0000] {processor.py:161} INFO - Started process (PID=271) to work on /opt/airflow/dags/01_create_raw_tables_dag.py
[2026-01-13T00:28:23.636+0000] {processor.py:830} INFO - Processing file /opt/airflow/dags/01_create_raw_tables_dag.py for tasks to queue
[2026-01-13T00:28:23.642+0000] {logging_mixin.py:188} INFO - [2026-01-13T00:28:23.641+0000] {dagbag.py:545} INFO - Filling up the DagBag from /opt/airflow/dags/01_create_raw_tables_dag.py
[2026-01-13T00:28:23.682+0000] {logging_mixin.py:188} INFO - [2026-01-13T00:28:23.679+0000] {templater.py:93} ERROR - Failed to resolve template field 'sql'
Traceback (most recent call last):
  File "/home/airflow/.local/lib/python3.10/site-packages/airflow/template/templater.py", line 91, in resolve_template_files
    setattr(self, field, env.loader.get_source(env, content)[0])  # type: ignore
  File "/home/airflow/.local/lib/python3.10/site-packages/jinja2/loaders.py", line 207, in get_source
    raise TemplateNotFound(template)
jinja2.exceptions.TemplateNotFound: sql/raw/01_create_raw_deuda_publica.sql
[2026-01-13T00:28:23.695+0000] {processor.py:840} INFO - DAG(s) '01_create_raw_tables' retrieved from /opt/airflow/dags/01_create_raw_tables_dag.py
[2026-01-13T00:28:23.794+0000] {logging_mixin.py:188} INFO - [2026-01-13T00:28:23.793+0000] {dag.py:3089} INFO - Sync 1 DAGs
[2026-01-13T00:28:23.840+0000] {logging_mixin.py:188} INFO - [2026-01-13T00:28:23.839+0000] {dag.py:3947} INFO - Setting next_dagrun for 01_create_raw_tables to None, run_after=None
[2026-01-13T00:28:23.905+0000] {processor.py:183} INFO - Processing /opt/airflow/dags/01_create_raw_tables_dag.py took 0.295 seconds
[2026-01-13T00:28:54.271+0000] {processor.py:161} INFO - Started process (PID=286) to work on /opt/airflow/dags/01_create_raw_tables_dag.py
[2026-01-13T00:28:54.280+0000] {processor.py:830} INFO - Processing file /opt/airflow/dags/01_create_raw_tables_dag.py for tasks to queue
[2026-01-13T00:28:54.285+0000] {logging_mixin.py:188} INFO - [2026-01-13T00:28:54.284+0000] {dagbag.py:545} INFO - Filling up the DagBag from /opt/airflow/dags/01_create_raw_tables_dag.py
[2026-01-13T00:28:54.305+0000] {logging_mixin.py:188} INFO - [2026-01-13T00:28:54.304+0000] {templater.py:93} ERROR - Failed to resolve template field 'sql'
Traceback (most recent call last):
  File "/home/airflow/.local/lib/python3.10/site-packages/airflow/template/templater.py", line 91, in resolve_template_files
    setattr(self, field, env.loader.get_source(env, content)[0])  # type: ignore
  File "/home/airflow/.local/lib/python3.10/site-packages/jinja2/loaders.py", line 207, in get_source
    raise TemplateNotFound(template)
jinja2.exceptions.TemplateNotFound: sql/raw/01_create_raw_deuda_publica.sql
[2026-01-13T00:28:54.313+0000] {processor.py:840} INFO - DAG(s) '01_create_raw_tables' retrieved from /opt/airflow/dags/01_create_raw_tables_dag.py
[2026-01-13T00:28:54.369+0000] {logging_mixin.py:188} INFO - [2026-01-13T00:28:54.369+0000] {dag.py:3089} INFO - Sync 1 DAGs
[2026-01-13T00:28:54.391+0000] {logging_mixin.py:188} INFO - [2026-01-13T00:28:54.391+0000] {dag.py:3947} INFO - Setting next_dagrun for 01_create_raw_tables to None, run_after=None
[2026-01-13T00:28:54.426+0000] {processor.py:183} INFO - Processing /opt/airflow/dags/01_create_raw_tables_dag.py took 0.170 seconds
[2026-01-13T00:29:24.635+0000] {processor.py:161} INFO - Started process (PID=298) to work on /opt/airflow/dags/01_create_raw_tables_dag.py
[2026-01-13T00:29:24.638+0000] {processor.py:830} INFO - Processing file /opt/airflow/dags/01_create_raw_tables_dag.py for tasks to queue
[2026-01-13T00:29:24.642+0000] {logging_mixin.py:188} INFO - [2026-01-13T00:29:24.642+0000] {dagbag.py:545} INFO - Filling up the DagBag from /opt/airflow/dags/01_create_raw_tables_dag.py
[2026-01-13T00:29:24.663+0000] {logging_mixin.py:188} INFO - [2026-01-13T00:29:24.662+0000] {templater.py:93} ERROR - Failed to resolve template field 'sql'
Traceback (most recent call last):
  File "/home/airflow/.local/lib/python3.10/site-packages/airflow/template/templater.py", line 91, in resolve_template_files
    setattr(self, field, env.loader.get_source(env, content)[0])  # type: ignore
  File "/home/airflow/.local/lib/python3.10/site-packages/jinja2/loaders.py", line 207, in get_source
    raise TemplateNotFound(template)
jinja2.exceptions.TemplateNotFound: sql/raw/01_create_raw_deuda_publica.sql
[2026-01-13T00:29:24.671+0000] {processor.py:840} INFO - DAG(s) '01_create_raw_tables' retrieved from /opt/airflow/dags/01_create_raw_tables_dag.py
[2026-01-13T00:29:24.741+0000] {logging_mixin.py:188} INFO - [2026-01-13T00:29:24.740+0000] {dag.py:3089} INFO - Sync 1 DAGs
[2026-01-13T00:29:24.763+0000] {logging_mixin.py:188} INFO - [2026-01-13T00:29:24.763+0000] {dag.py:3947} INFO - Setting next_dagrun for 01_create_raw_tables to None, run_after=None
[2026-01-13T00:29:24.804+0000] {processor.py:183} INFO - Processing /opt/airflow/dags/01_create_raw_tables_dag.py took 0.179 seconds
[2026-01-13T00:29:55.221+0000] {processor.py:161} INFO - Started process (PID=308) to work on /opt/airflow/dags/01_create_raw_tables_dag.py
[2026-01-13T00:29:55.226+0000] {processor.py:830} INFO - Processing file /opt/airflow/dags/01_create_raw_tables_dag.py for tasks to queue
[2026-01-13T00:29:55.230+0000] {logging_mixin.py:188} INFO - [2026-01-13T00:29:55.229+0000] {dagbag.py:545} INFO - Filling up the DagBag from /opt/airflow/dags/01_create_raw_tables_dag.py
[2026-01-13T00:29:55.252+0000] {logging_mixin.py:188} INFO - [2026-01-13T00:29:55.251+0000] {templater.py:93} ERROR - Failed to resolve template field 'sql'
Traceback (most recent call last):
  File "/home/airflow/.local/lib/python3.10/site-packages/airflow/template/templater.py", line 91, in resolve_template_files
    setattr(self, field, env.loader.get_source(env, content)[0])  # type: ignore
  File "/home/airflow/.local/lib/python3.10/site-packages/jinja2/loaders.py", line 207, in get_source
    raise TemplateNotFound(template)
jinja2.exceptions.TemplateNotFound: sql/raw/01_create_raw_deuda_publica.sql
[2026-01-13T00:29:55.261+0000] {processor.py:840} INFO - DAG(s) '01_create_raw_tables' retrieved from /opt/airflow/dags/01_create_raw_tables_dag.py
[2026-01-13T00:29:55.336+0000] {logging_mixin.py:188} INFO - [2026-01-13T00:29:55.336+0000] {dag.py:3089} INFO - Sync 1 DAGs
[2026-01-13T00:29:55.365+0000] {logging_mixin.py:188} INFO - [2026-01-13T00:29:55.365+0000] {dag.py:3947} INFO - Setting next_dagrun for 01_create_raw_tables to None, run_after=None
[2026-01-13T00:29:55.416+0000] {processor.py:183} INFO - Processing /opt/airflow/dags/01_create_raw_tables_dag.py took 0.220 seconds
[2026-01-13T00:30:25.795+0000] {processor.py:161} INFO - Started process (PID=318) to work on /opt/airflow/dags/01_create_raw_tables_dag.py
[2026-01-13T00:30:25.798+0000] {processor.py:830} INFO - Processing file /opt/airflow/dags/01_create_raw_tables_dag.py for tasks to queue
[2026-01-13T00:30:25.802+0000] {logging_mixin.py:188} INFO - [2026-01-13T00:30:25.801+0000] {dagbag.py:545} INFO - Filling up the DagBag from /opt/airflow/dags/01_create_raw_tables_dag.py
[2026-01-13T00:30:25.822+0000] {logging_mixin.py:188} INFO - [2026-01-13T00:30:25.821+0000] {templater.py:93} ERROR - Failed to resolve template field 'sql'
Traceback (most recent call last):
  File "/home/airflow/.local/lib/python3.10/site-packages/airflow/template/templater.py", line 91, in resolve_template_files
    setattr(self, field, env.loader.get_source(env, content)[0])  # type: ignore
  File "/home/airflow/.local/lib/python3.10/site-packages/jinja2/loaders.py", line 207, in get_source
    raise TemplateNotFound(template)
jinja2.exceptions.TemplateNotFound: sql/raw/01_create_raw_deuda_publica.sql
[2026-01-13T00:30:25.829+0000] {processor.py:840} INFO - DAG(s) '01_create_raw_tables' retrieved from /opt/airflow/dags/01_create_raw_tables_dag.py
[2026-01-13T00:30:25.887+0000] {logging_mixin.py:188} INFO - [2026-01-13T00:30:25.887+0000] {dag.py:3089} INFO - Sync 1 DAGs
[2026-01-13T00:30:25.907+0000] {logging_mixin.py:188} INFO - [2026-01-13T00:30:25.907+0000] {dag.py:3947} INFO - Setting next_dagrun for 01_create_raw_tables to None, run_after=None
[2026-01-13T00:30:25.943+0000] {processor.py:183} INFO - Processing /opt/airflow/dags/01_create_raw_tables_dag.py took 0.159 seconds
[2026-01-13T00:30:57.154+0000] {processor.py:161} INFO - Started process (PID=328) to work on /opt/airflow/dags/01_create_raw_tables_dag.py
[2026-01-13T00:30:57.180+0000] {processor.py:830} INFO - Processing file /opt/airflow/dags/01_create_raw_tables_dag.py for tasks to queue
[2026-01-13T00:30:57.186+0000] {logging_mixin.py:188} INFO - [2026-01-13T00:30:57.186+0000] {dagbag.py:545} INFO - Filling up the DagBag from /opt/airflow/dags/01_create_raw_tables_dag.py
[2026-01-13T00:30:57.260+0000] {logging_mixin.py:188} INFO - [2026-01-13T00:30:57.258+0000] {templater.py:93} ERROR - Failed to resolve template field 'sql'
Traceback (most recent call last):
  File "/home/airflow/.local/lib/python3.10/site-packages/airflow/template/templater.py", line 91, in resolve_template_files
    setattr(self, field, env.loader.get_source(env, content)[0])  # type: ignore
  File "/home/airflow/.local/lib/python3.10/site-packages/jinja2/loaders.py", line 207, in get_source
    raise TemplateNotFound(template)
jinja2.exceptions.TemplateNotFound: sql/raw/01_create_raw_deuda_publica.sql
[2026-01-13T00:30:57.306+0000] {processor.py:840} INFO - DAG(s) '01_create_raw_tables' retrieved from /opt/airflow/dags/01_create_raw_tables_dag.py
[2026-01-13T00:30:57.436+0000] {logging_mixin.py:188} INFO - [2026-01-13T00:30:57.436+0000] {dag.py:3089} INFO - Sync 1 DAGs
[2026-01-13T00:30:57.509+0000] {logging_mixin.py:188} INFO - [2026-01-13T00:30:57.508+0000] {dag.py:3947} INFO - Setting next_dagrun for 01_create_raw_tables to None, run_after=None
[2026-01-13T00:30:57.607+0000] {processor.py:183} INFO - Processing /opt/airflow/dags/01_create_raw_tables_dag.py took 0.495 seconds
[2026-01-13T00:31:28.454+0000] {processor.py:161} INFO - Started process (PID=340) to work on /opt/airflow/dags/01_create_raw_tables_dag.py
[2026-01-13T00:31:28.457+0000] {processor.py:830} INFO - Processing file /opt/airflow/dags/01_create_raw_tables_dag.py for tasks to queue
[2026-01-13T00:31:28.470+0000] {logging_mixin.py:188} INFO - [2026-01-13T00:31:28.469+0000] {dagbag.py:545} INFO - Filling up the DagBag from /opt/airflow/dags/01_create_raw_tables_dag.py
[2026-01-13T00:31:28.578+0000] {logging_mixin.py:188} INFO - [2026-01-13T00:31:28.575+0000] {templater.py:93} ERROR - Failed to resolve template field 'sql'
Traceback (most recent call last):
  File "/home/airflow/.local/lib/python3.10/site-packages/airflow/template/templater.py", line 91, in resolve_template_files
    setattr(self, field, env.loader.get_source(env, content)[0])  # type: ignore
  File "/home/airflow/.local/lib/python3.10/site-packages/jinja2/loaders.py", line 207, in get_source
    raise TemplateNotFound(template)
jinja2.exceptions.TemplateNotFound: sql/raw/01_create_raw_deuda_publica.sql
[2026-01-13T00:31:28.600+0000] {processor.py:840} INFO - DAG(s) '01_create_raw_tables' retrieved from /opt/airflow/dags/01_create_raw_tables_dag.py
[2026-01-13T00:31:28.703+0000] {logging_mixin.py:188} INFO - [2026-01-13T00:31:28.703+0000] {dag.py:3089} INFO - Sync 1 DAGs
[2026-01-13T00:31:28.815+0000] {logging_mixin.py:188} INFO - [2026-01-13T00:31:28.814+0000] {dag.py:3947} INFO - Setting next_dagrun for 01_create_raw_tables to None, run_after=None
[2026-01-13T00:31:28.908+0000] {processor.py:183} INFO - Processing /opt/airflow/dags/01_create_raw_tables_dag.py took 0.470 seconds
[2026-01-13T00:31:59.512+0000] {processor.py:161} INFO - Started process (PID=350) to work on /opt/airflow/dags/01_create_raw_tables_dag.py
[2026-01-13T00:31:59.522+0000] {processor.py:830} INFO - Processing file /opt/airflow/dags/01_create_raw_tables_dag.py for tasks to queue
[2026-01-13T00:31:59.527+0000] {logging_mixin.py:188} INFO - [2026-01-13T00:31:59.527+0000] {dagbag.py:545} INFO - Filling up the DagBag from /opt/airflow/dags/01_create_raw_tables_dag.py
[2026-01-13T00:31:59.548+0000] {logging_mixin.py:188} INFO - [2026-01-13T00:31:59.547+0000] {templater.py:93} ERROR - Failed to resolve template field 'sql'
Traceback (most recent call last):
  File "/home/airflow/.local/lib/python3.10/site-packages/airflow/template/templater.py", line 91, in resolve_template_files
    setattr(self, field, env.loader.get_source(env, content)[0])  # type: ignore
  File "/home/airflow/.local/lib/python3.10/site-packages/jinja2/loaders.py", line 207, in get_source
    raise TemplateNotFound(template)
jinja2.exceptions.TemplateNotFound: sql/raw/01_create_raw_deuda_publica.sql
[2026-01-13T00:31:59.555+0000] {processor.py:840} INFO - DAG(s) '01_create_raw_tables' retrieved from /opt/airflow/dags/01_create_raw_tables_dag.py
[2026-01-13T00:31:59.615+0000] {logging_mixin.py:188} INFO - [2026-01-13T00:31:59.614+0000] {dag.py:3089} INFO - Sync 1 DAGs
[2026-01-13T00:31:59.642+0000] {logging_mixin.py:188} INFO - [2026-01-13T00:31:59.642+0000] {dag.py:3947} INFO - Setting next_dagrun for 01_create_raw_tables to None, run_after=None
[2026-01-13T00:31:59.707+0000] {processor.py:183} INFO - Processing /opt/airflow/dags/01_create_raw_tables_dag.py took 0.228 seconds
[2026-01-13T00:32:30.155+0000] {processor.py:161} INFO - Started process (PID=360) to work on /opt/airflow/dags/01_create_raw_tables_dag.py
[2026-01-13T00:32:30.160+0000] {processor.py:830} INFO - Processing file /opt/airflow/dags/01_create_raw_tables_dag.py for tasks to queue
[2026-01-13T00:32:30.208+0000] {logging_mixin.py:188} INFO - [2026-01-13T00:32:30.206+0000] {dagbag.py:545} INFO - Filling up the DagBag from /opt/airflow/dags/01_create_raw_tables_dag.py
[2026-01-13T00:32:30.337+0000] {logging_mixin.py:188} INFO - [2026-01-13T00:32:30.336+0000] {templater.py:93} ERROR - Failed to resolve template field 'sql'
Traceback (most recent call last):
  File "/home/airflow/.local/lib/python3.10/site-packages/airflow/template/templater.py", line 91, in resolve_template_files
    setattr(self, field, env.loader.get_source(env, content)[0])  # type: ignore
  File "/home/airflow/.local/lib/python3.10/site-packages/jinja2/loaders.py", line 207, in get_source
    raise TemplateNotFound(template)
jinja2.exceptions.TemplateNotFound: sql/raw/01_create_raw_deuda_publica.sql
[2026-01-13T00:32:30.440+0000] {processor.py:840} INFO - DAG(s) '01_create_raw_tables' retrieved from /opt/airflow/dags/01_create_raw_tables_dag.py
[2026-01-13T00:32:30.828+0000] {logging_mixin.py:188} INFO - [2026-01-13T00:32:30.827+0000] {dag.py:3089} INFO - Sync 1 DAGs
[2026-01-13T00:32:30.926+0000] {logging_mixin.py:188} INFO - [2026-01-13T00:32:30.925+0000] {dag.py:3947} INFO - Setting next_dagrun for 01_create_raw_tables to None, run_after=None
[2026-01-13T00:32:31.109+0000] {processor.py:183} INFO - Processing /opt/airflow/dags/01_create_raw_tables_dag.py took 1.150 seconds
[2026-01-13T00:33:01.487+0000] {processor.py:161} INFO - Started process (PID=370) to work on /opt/airflow/dags/01_create_raw_tables_dag.py
[2026-01-13T00:33:01.489+0000] {processor.py:830} INFO - Processing file /opt/airflow/dags/01_create_raw_tables_dag.py for tasks to queue
[2026-01-13T00:33:01.493+0000] {logging_mixin.py:188} INFO - [2026-01-13T00:33:01.493+0000] {dagbag.py:545} INFO - Filling up the DagBag from /opt/airflow/dags/01_create_raw_tables_dag.py
[2026-01-13T00:33:01.513+0000] {logging_mixin.py:188} INFO - [2026-01-13T00:33:01.512+0000] {templater.py:93} ERROR - Failed to resolve template field 'sql'
Traceback (most recent call last):
  File "/home/airflow/.local/lib/python3.10/site-packages/airflow/template/templater.py", line 91, in resolve_template_files
    setattr(self, field, env.loader.get_source(env, content)[0])  # type: ignore
  File "/home/airflow/.local/lib/python3.10/site-packages/jinja2/loaders.py", line 207, in get_source
    raise TemplateNotFound(template)
jinja2.exceptions.TemplateNotFound: sql/raw/01_create_raw_deuda_publica.sql
[2026-01-13T00:33:01.532+0000] {processor.py:840} INFO - DAG(s) '01_create_raw_tables' retrieved from /opt/airflow/dags/01_create_raw_tables_dag.py
[2026-01-13T00:33:01.591+0000] {logging_mixin.py:188} INFO - [2026-01-13T00:33:01.591+0000] {dag.py:3089} INFO - Sync 1 DAGs
[2026-01-13T00:33:01.620+0000] {logging_mixin.py:188} INFO - [2026-01-13T00:33:01.620+0000] {dag.py:3947} INFO - Setting next_dagrun for 01_create_raw_tables to None, run_after=None
[2026-01-13T00:33:01.688+0000] {processor.py:183} INFO - Processing /opt/airflow/dags/01_create_raw_tables_dag.py took 0.217 seconds
[2026-01-13T00:33:32.168+0000] {processor.py:161} INFO - Started process (PID=380) to work on /opt/airflow/dags/01_create_raw_tables_dag.py
[2026-01-13T00:33:32.174+0000] {processor.py:830} INFO - Processing file /opt/airflow/dags/01_create_raw_tables_dag.py for tasks to queue
[2026-01-13T00:33:32.186+0000] {logging_mixin.py:188} INFO - [2026-01-13T00:33:32.186+0000] {dagbag.py:545} INFO - Filling up the DagBag from /opt/airflow/dags/01_create_raw_tables_dag.py
[2026-01-13T00:33:32.212+0000] {logging_mixin.py:188} INFO - [2026-01-13T00:33:32.209+0000] {templater.py:93} ERROR - Failed to resolve template field 'sql'
Traceback (most recent call last):
  File "/home/airflow/.local/lib/python3.10/site-packages/airflow/template/templater.py", line 91, in resolve_template_files
    setattr(self, field, env.loader.get_source(env, content)[0])  # type: ignore
  File "/home/airflow/.local/lib/python3.10/site-packages/jinja2/loaders.py", line 207, in get_source
    raise TemplateNotFound(template)
jinja2.exceptions.TemplateNotFound: sql/raw/01_create_raw_deuda_publica.sql
[2026-01-13T00:33:32.221+0000] {processor.py:840} INFO - DAG(s) '01_create_raw_tables' retrieved from /opt/airflow/dags/01_create_raw_tables_dag.py
[2026-01-13T00:33:32.290+0000] {logging_mixin.py:188} INFO - [2026-01-13T00:33:32.290+0000] {dag.py:3089} INFO - Sync 1 DAGs
[2026-01-13T00:33:32.319+0000] {logging_mixin.py:188} INFO - [2026-01-13T00:33:32.319+0000] {dag.py:3947} INFO - Setting next_dagrun for 01_create_raw_tables to None, run_after=None
[2026-01-13T00:33:32.353+0000] {processor.py:183} INFO - Processing /opt/airflow/dags/01_create_raw_tables_dag.py took 0.201 seconds
[2026-01-13T00:34:02.882+0000] {processor.py:161} INFO - Started process (PID=390) to work on /opt/airflow/dags/01_create_raw_tables_dag.py
[2026-01-13T00:34:02.884+0000] {processor.py:830} INFO - Processing file /opt/airflow/dags/01_create_raw_tables_dag.py for tasks to queue
[2026-01-13T00:34:02.889+0000] {logging_mixin.py:188} INFO - [2026-01-13T00:34:02.888+0000] {dagbag.py:545} INFO - Filling up the DagBag from /opt/airflow/dags/01_create_raw_tables_dag.py
[2026-01-13T00:34:02.919+0000] {logging_mixin.py:188} INFO - [2026-01-13T00:34:02.916+0000] {templater.py:93} ERROR - Failed to resolve template field 'sql'
Traceback (most recent call last):
  File "/home/airflow/.local/lib/python3.10/site-packages/airflow/template/templater.py", line 91, in resolve_template_files
    setattr(self, field, env.loader.get_source(env, content)[0])  # type: ignore
  File "/home/airflow/.local/lib/python3.10/site-packages/jinja2/loaders.py", line 207, in get_source
    raise TemplateNotFound(template)
jinja2.exceptions.TemplateNotFound: sql/raw/01_create_raw_deuda_publica.sql
[2026-01-13T00:34:02.931+0000] {processor.py:840} INFO - DAG(s) '01_create_raw_tables' retrieved from /opt/airflow/dags/01_create_raw_tables_dag.py
[2026-01-13T00:34:03.002+0000] {logging_mixin.py:188} INFO - [2026-01-13T00:34:03.002+0000] {dag.py:3089} INFO - Sync 1 DAGs
[2026-01-13T00:34:03.033+0000] {logging_mixin.py:188} INFO - [2026-01-13T00:34:03.033+0000] {dag.py:3947} INFO - Setting next_dagrun for 01_create_raw_tables to None, run_after=None
[2026-01-13T00:34:03.080+0000] {processor.py:183} INFO - Processing /opt/airflow/dags/01_create_raw_tables_dag.py took 0.225 seconds
[2026-01-13T00:34:33.466+0000] {processor.py:161} INFO - Started process (PID=400) to work on /opt/airflow/dags/01_create_raw_tables_dag.py
[2026-01-13T00:34:33.468+0000] {processor.py:830} INFO - Processing file /opt/airflow/dags/01_create_raw_tables_dag.py for tasks to queue
[2026-01-13T00:34:33.473+0000] {logging_mixin.py:188} INFO - [2026-01-13T00:34:33.472+0000] {dagbag.py:545} INFO - Filling up the DagBag from /opt/airflow/dags/01_create_raw_tables_dag.py
[2026-01-13T00:34:33.508+0000] {logging_mixin.py:188} INFO - [2026-01-13T00:34:33.507+0000] {templater.py:93} ERROR - Failed to resolve template field 'sql'
Traceback (most recent call last):
  File "/home/airflow/.local/lib/python3.10/site-packages/airflow/template/templater.py", line 91, in resolve_template_files
    setattr(self, field, env.loader.get_source(env, content)[0])  # type: ignore
  File "/home/airflow/.local/lib/python3.10/site-packages/jinja2/loaders.py", line 207, in get_source
    raise TemplateNotFound(template)
jinja2.exceptions.TemplateNotFound: sql/raw/01_create_raw_deuda_publica.sql
[2026-01-13T00:34:33.521+0000] {processor.py:840} INFO - DAG(s) '01_create_raw_tables' retrieved from /opt/airflow/dags/01_create_raw_tables_dag.py
[2026-01-13T00:34:33.611+0000] {logging_mixin.py:188} INFO - [2026-01-13T00:34:33.611+0000] {dag.py:3089} INFO - Sync 1 DAGs
[2026-01-13T00:34:33.655+0000] {logging_mixin.py:188} INFO - [2026-01-13T00:34:33.652+0000] {dag.py:3947} INFO - Setting next_dagrun for 01_create_raw_tables to None, run_after=None
[2026-01-13T00:34:33.767+0000] {processor.py:183} INFO - Processing /opt/airflow/dags/01_create_raw_tables_dag.py took 0.320 seconds
[2026-01-13T00:35:04.445+0000] {processor.py:161} INFO - Started process (PID=410) to work on /opt/airflow/dags/01_create_raw_tables_dag.py
[2026-01-13T00:35:04.446+0000] {processor.py:830} INFO - Processing file /opt/airflow/dags/01_create_raw_tables_dag.py for tasks to queue
[2026-01-13T00:35:04.450+0000] {logging_mixin.py:188} INFO - [2026-01-13T00:35:04.449+0000] {dagbag.py:545} INFO - Filling up the DagBag from /opt/airflow/dags/01_create_raw_tables_dag.py
[2026-01-13T00:35:04.471+0000] {logging_mixin.py:188} INFO - [2026-01-13T00:35:04.470+0000] {templater.py:93} ERROR - Failed to resolve template field 'sql'
Traceback (most recent call last):
  File "/home/airflow/.local/lib/python3.10/site-packages/airflow/template/templater.py", line 91, in resolve_template_files
    setattr(self, field, env.loader.get_source(env, content)[0])  # type: ignore
  File "/home/airflow/.local/lib/python3.10/site-packages/jinja2/loaders.py", line 207, in get_source
    raise TemplateNotFound(template)
jinja2.exceptions.TemplateNotFound: sql/raw/01_create_raw_deuda_publica.sql
[2026-01-13T00:35:04.479+0000] {processor.py:840} INFO - DAG(s) '01_create_raw_tables' retrieved from /opt/airflow/dags/01_create_raw_tables_dag.py
[2026-01-13T00:35:04.540+0000] {logging_mixin.py:188} INFO - [2026-01-13T00:35:04.539+0000] {dag.py:3089} INFO - Sync 1 DAGs
[2026-01-13T00:35:04.560+0000] {logging_mixin.py:188} INFO - [2026-01-13T00:35:04.560+0000] {dag.py:3947} INFO - Setting next_dagrun for 01_create_raw_tables to None, run_after=None
[2026-01-13T00:35:04.616+0000] {processor.py:183} INFO - Processing /opt/airflow/dags/01_create_raw_tables_dag.py took 0.184 seconds
[2026-01-13T00:35:35.052+0000] {processor.py:161} INFO - Started process (PID=420) to work on /opt/airflow/dags/01_create_raw_tables_dag.py
[2026-01-13T00:35:35.054+0000] {processor.py:830} INFO - Processing file /opt/airflow/dags/01_create_raw_tables_dag.py for tasks to queue
[2026-01-13T00:35:35.058+0000] {logging_mixin.py:188} INFO - [2026-01-13T00:35:35.057+0000] {dagbag.py:545} INFO - Filling up the DagBag from /opt/airflow/dags/01_create_raw_tables_dag.py
[2026-01-13T00:35:35.088+0000] {logging_mixin.py:188} INFO - [2026-01-13T00:35:35.087+0000] {templater.py:93} ERROR - Failed to resolve template field 'sql'
Traceback (most recent call last):
  File "/home/airflow/.local/lib/python3.10/site-packages/airflow/template/templater.py", line 91, in resolve_template_files
    setattr(self, field, env.loader.get_source(env, content)[0])  # type: ignore
  File "/home/airflow/.local/lib/python3.10/site-packages/jinja2/loaders.py", line 207, in get_source
    raise TemplateNotFound(template)
jinja2.exceptions.TemplateNotFound: sql/raw/01_create_raw_deuda_publica.sql
[2026-01-13T00:35:35.098+0000] {processor.py:840} INFO - DAG(s) '01_create_raw_tables' retrieved from /opt/airflow/dags/01_create_raw_tables_dag.py
[2026-01-13T00:35:35.161+0000] {logging_mixin.py:188} INFO - [2026-01-13T00:35:35.161+0000] {dag.py:3089} INFO - Sync 1 DAGs
[2026-01-13T00:35:35.188+0000] {logging_mixin.py:188} INFO - [2026-01-13T00:35:35.188+0000] {dag.py:3947} INFO - Setting next_dagrun for 01_create_raw_tables to None, run_after=None
[2026-01-13T00:35:35.251+0000] {processor.py:183} INFO - Processing /opt/airflow/dags/01_create_raw_tables_dag.py took 0.214 seconds
[2026-01-13T00:36:05.667+0000] {processor.py:161} INFO - Started process (PID=430) to work on /opt/airflow/dags/01_create_raw_tables_dag.py
[2026-01-13T00:36:05.670+0000] {processor.py:830} INFO - Processing file /opt/airflow/dags/01_create_raw_tables_dag.py for tasks to queue
[2026-01-13T00:36:05.673+0000] {logging_mixin.py:188} INFO - [2026-01-13T00:36:05.673+0000] {dagbag.py:545} INFO - Filling up the DagBag from /opt/airflow/dags/01_create_raw_tables_dag.py
[2026-01-13T00:36:05.714+0000] {logging_mixin.py:188} INFO - [2026-01-13T00:36:05.710+0000] {templater.py:93} ERROR - Failed to resolve template field 'sql'
Traceback (most recent call last):
  File "/home/airflow/.local/lib/python3.10/site-packages/airflow/template/templater.py", line 91, in resolve_template_files
    setattr(self, field, env.loader.get_source(env, content)[0])  # type: ignore
  File "/home/airflow/.local/lib/python3.10/site-packages/jinja2/loaders.py", line 207, in get_source
    raise TemplateNotFound(template)
jinja2.exceptions.TemplateNotFound: sql/raw/01_create_raw_deuda_publica.sql
[2026-01-13T00:36:05.725+0000] {processor.py:840} INFO - DAG(s) '01_create_raw_tables' retrieved from /opt/airflow/dags/01_create_raw_tables_dag.py
[2026-01-13T00:36:05.806+0000] {logging_mixin.py:188} INFO - [2026-01-13T00:36:05.806+0000] {dag.py:3089} INFO - Sync 1 DAGs
[2026-01-13T00:36:05.839+0000] {logging_mixin.py:188} INFO - [2026-01-13T00:36:05.839+0000] {dag.py:3947} INFO - Setting next_dagrun for 01_create_raw_tables to None, run_after=None
[2026-01-13T00:36:05.882+0000] {processor.py:183} INFO - Processing /opt/airflow/dags/01_create_raw_tables_dag.py took 0.235 seconds
[2026-01-13T00:36:36.305+0000] {processor.py:161} INFO - Started process (PID=440) to work on /opt/airflow/dags/01_create_raw_tables_dag.py
[2026-01-13T00:36:36.306+0000] {processor.py:830} INFO - Processing file /opt/airflow/dags/01_create_raw_tables_dag.py for tasks to queue
[2026-01-13T00:36:36.310+0000] {logging_mixin.py:188} INFO - [2026-01-13T00:36:36.309+0000] {dagbag.py:545} INFO - Filling up the DagBag from /opt/airflow/dags/01_create_raw_tables_dag.py
[2026-01-13T00:36:36.332+0000] {logging_mixin.py:188} INFO - [2026-01-13T00:36:36.331+0000] {templater.py:93} ERROR - Failed to resolve template field 'sql'
Traceback (most recent call last):
  File "/home/airflow/.local/lib/python3.10/site-packages/airflow/template/templater.py", line 91, in resolve_template_files
    setattr(self, field, env.loader.get_source(env, content)[0])  # type: ignore
  File "/home/airflow/.local/lib/python3.10/site-packages/jinja2/loaders.py", line 207, in get_source
    raise TemplateNotFound(template)
jinja2.exceptions.TemplateNotFound: sql/raw/01_create_raw_deuda_publica.sql
[2026-01-13T00:36:36.346+0000] {processor.py:840} INFO - DAG(s) '01_create_raw_tables' retrieved from /opt/airflow/dags/01_create_raw_tables_dag.py
[2026-01-13T00:36:36.414+0000] {logging_mixin.py:188} INFO - [2026-01-13T00:36:36.414+0000] {dag.py:3089} INFO - Sync 1 DAGs
[2026-01-13T00:36:36.451+0000] {logging_mixin.py:188} INFO - [2026-01-13T00:36:36.451+0000] {dag.py:3947} INFO - Setting next_dagrun for 01_create_raw_tables to None, run_after=None
[2026-01-13T00:36:36.489+0000] {processor.py:183} INFO - Processing /opt/airflow/dags/01_create_raw_tables_dag.py took 0.196 seconds
[2026-01-13T00:37:07.170+0000] {processor.py:161} INFO - Started process (PID=450) to work on /opt/airflow/dags/01_create_raw_tables_dag.py
[2026-01-13T00:37:07.172+0000] {processor.py:830} INFO - Processing file /opt/airflow/dags/01_create_raw_tables_dag.py for tasks to queue
[2026-01-13T00:37:07.181+0000] {logging_mixin.py:188} INFO - [2026-01-13T00:37:07.180+0000] {dagbag.py:545} INFO - Filling up the DagBag from /opt/airflow/dags/01_create_raw_tables_dag.py
[2026-01-13T00:37:07.217+0000] {logging_mixin.py:188} INFO - [2026-01-13T00:37:07.214+0000] {templater.py:93} ERROR - Failed to resolve template field 'sql'
Traceback (most recent call last):
  File "/home/airflow/.local/lib/python3.10/site-packages/airflow/template/templater.py", line 91, in resolve_template_files
    setattr(self, field, env.loader.get_source(env, content)[0])  # type: ignore
  File "/home/airflow/.local/lib/python3.10/site-packages/jinja2/loaders.py", line 207, in get_source
    raise TemplateNotFound(template)
jinja2.exceptions.TemplateNotFound: sql/raw/01_create_raw_deuda_publica.sql
[2026-01-13T00:37:07.234+0000] {processor.py:840} INFO - DAG(s) '01_create_raw_tables' retrieved from /opt/airflow/dags/01_create_raw_tables_dag.py
[2026-01-13T00:37:07.399+0000] {logging_mixin.py:188} INFO - [2026-01-13T00:37:07.398+0000] {dag.py:3089} INFO - Sync 1 DAGs
[2026-01-13T00:37:07.519+0000] {logging_mixin.py:188} INFO - [2026-01-13T00:37:07.518+0000] {dag.py:3947} INFO - Setting next_dagrun for 01_create_raw_tables to None, run_after=None
[2026-01-13T00:37:07.679+0000] {processor.py:183} INFO - Processing /opt/airflow/dags/01_create_raw_tables_dag.py took 0.526 seconds
[2026-01-13T00:37:38.017+0000] {processor.py:161} INFO - Started process (PID=460) to work on /opt/airflow/dags/01_create_raw_tables_dag.py
[2026-01-13T00:37:38.019+0000] {processor.py:830} INFO - Processing file /opt/airflow/dags/01_create_raw_tables_dag.py for tasks to queue
[2026-01-13T00:37:38.023+0000] {logging_mixin.py:188} INFO - [2026-01-13T00:37:38.023+0000] {dagbag.py:545} INFO - Filling up the DagBag from /opt/airflow/dags/01_create_raw_tables_dag.py
[2026-01-13T00:37:38.053+0000] {logging_mixin.py:188} INFO - [2026-01-13T00:37:38.051+0000] {templater.py:93} ERROR - Failed to resolve template field 'sql'
Traceback (most recent call last):
  File "/home/airflow/.local/lib/python3.10/site-packages/airflow/template/templater.py", line 91, in resolve_template_files
    setattr(self, field, env.loader.get_source(env, content)[0])  # type: ignore
  File "/home/airflow/.local/lib/python3.10/site-packages/jinja2/loaders.py", line 207, in get_source
    raise TemplateNotFound(template)
jinja2.exceptions.TemplateNotFound: sql/raw/01_create_raw_deuda_publica.sql
[2026-01-13T00:37:38.060+0000] {processor.py:840} INFO - DAG(s) '01_create_raw_tables' retrieved from /opt/airflow/dags/01_create_raw_tables_dag.py
[2026-01-13T00:37:38.129+0000] {logging_mixin.py:188} INFO - [2026-01-13T00:37:38.128+0000] {dag.py:3089} INFO - Sync 1 DAGs
[2026-01-13T00:37:38.162+0000] {logging_mixin.py:188} INFO - [2026-01-13T00:37:38.159+0000] {dag.py:3947} INFO - Setting next_dagrun for 01_create_raw_tables to None, run_after=None
[2026-01-13T00:37:38.197+0000] {processor.py:183} INFO - Processing /opt/airflow/dags/01_create_raw_tables_dag.py took 0.192 seconds
[2026-01-13T00:38:08.568+0000] {processor.py:161} INFO - Started process (PID=470) to work on /opt/airflow/dags/01_create_raw_tables_dag.py
[2026-01-13T00:38:08.570+0000] {processor.py:830} INFO - Processing file /opt/airflow/dags/01_create_raw_tables_dag.py for tasks to queue
[2026-01-13T00:38:08.577+0000] {logging_mixin.py:188} INFO - [2026-01-13T00:38:08.575+0000] {dagbag.py:545} INFO - Filling up the DagBag from /opt/airflow/dags/01_create_raw_tables_dag.py
[2026-01-13T00:38:08.608+0000] {logging_mixin.py:188} INFO - [2026-01-13T00:38:08.606+0000] {templater.py:93} ERROR - Failed to resolve template field 'sql'
Traceback (most recent call last):
  File "/home/airflow/.local/lib/python3.10/site-packages/airflow/template/templater.py", line 91, in resolve_template_files
    setattr(self, field, env.loader.get_source(env, content)[0])  # type: ignore
  File "/home/airflow/.local/lib/python3.10/site-packages/jinja2/loaders.py", line 207, in get_source
    raise TemplateNotFound(template)
jinja2.exceptions.TemplateNotFound: sql/raw/01_create_raw_deuda_publica.sql
[2026-01-13T00:38:08.622+0000] {processor.py:840} INFO - DAG(s) '01_create_raw_tables' retrieved from /opt/airflow/dags/01_create_raw_tables_dag.py
[2026-01-13T00:38:08.998+0000] {logging_mixin.py:188} INFO - [2026-01-13T00:38:08.995+0000] {dag.py:3089} INFO - Sync 1 DAGs
[2026-01-13T00:38:09.098+0000] {logging_mixin.py:188} INFO - [2026-01-13T00:38:09.097+0000] {dag.py:3947} INFO - Setting next_dagrun for 01_create_raw_tables to None, run_after=None
[2026-01-13T00:41:44.075+0000] {processor.py:161} INFO - Started process (PID=159) to work on /opt/airflow/dags/01_create_raw_tables_dag.py
[2026-01-13T00:41:44.086+0000] {processor.py:830} INFO - Processing file /opt/airflow/dags/01_create_raw_tables_dag.py for tasks to queue
[2026-01-13T00:41:44.098+0000] {logging_mixin.py:188} INFO - [2026-01-13T00:41:44.096+0000] {dagbag.py:545} INFO - Filling up the DagBag from /opt/airflow/dags/01_create_raw_tables_dag.py
[2026-01-13T00:41:44.221+0000] {logging_mixin.py:188} INFO - [2026-01-13T00:41:44.213+0000] {templater.py:93} ERROR - Failed to resolve template field 'sql'
Traceback (most recent call last):
  File "/home/airflow/.local/lib/python3.10/site-packages/airflow/template/templater.py", line 91, in resolve_template_files
    setattr(self, field, env.loader.get_source(env, content)[0])  # type: ignore
  File "/home/airflow/.local/lib/python3.10/site-packages/jinja2/loaders.py", line 207, in get_source
    raise TemplateNotFound(template)
jinja2.exceptions.TemplateNotFound: raw/01_create_raw_deuda_publica.sql
[2026-01-13T00:41:44.312+0000] {processor.py:840} INFO - DAG(s) '01_create_raw_tables' retrieved from /opt/airflow/dags/01_create_raw_tables_dag.py
[2026-01-13T00:41:46.556+0000] {logging_mixin.py:188} INFO - [2026-01-13T00:41:46.552+0000] {override.py:1858} INFO - Created Permission View: can delete on DAG:01_create_raw_tables
[2026-01-13T00:41:46.641+0000] {logging_mixin.py:188} INFO - [2026-01-13T00:41:46.640+0000] {override.py:1858} INFO - Created Permission View: can read on DAG:01_create_raw_tables
[2026-01-13T00:41:46.674+0000] {logging_mixin.py:188} INFO - [2026-01-13T00:41:46.673+0000] {override.py:1858} INFO - Created Permission View: can edit on DAG:01_create_raw_tables
[2026-01-13T00:41:46.681+0000] {logging_mixin.py:188} INFO - [2026-01-13T00:41:46.680+0000] {dag.py:3089} INFO - Sync 1 DAGs
[2026-01-13T00:41:46.752+0000] {logging_mixin.py:188} INFO - [2026-01-13T00:41:46.752+0000] {dag.py:3111} INFO - Creating ORM DAG for 01_create_raw_tables
[2026-01-13T00:41:46.754+0000] {logging_mixin.py:188} INFO - [2026-01-13T00:41:46.754+0000] {dag.py:3947} INFO - Setting next_dagrun for 01_create_raw_tables to None, run_after=None
[2026-01-13T00:41:46.844+0000] {processor.py:183} INFO - Processing /opt/airflow/dags/01_create_raw_tables_dag.py took 2.833 seconds
[2026-01-13T00:42:17.243+0000] {processor.py:161} INFO - Started process (PID=169) to work on /opt/airflow/dags/01_create_raw_tables_dag.py
[2026-01-13T00:42:17.252+0000] {processor.py:830} INFO - Processing file /opt/airflow/dags/01_create_raw_tables_dag.py for tasks to queue
[2026-01-13T00:42:17.265+0000] {logging_mixin.py:188} INFO - [2026-01-13T00:42:17.264+0000] {dagbag.py:545} INFO - Filling up the DagBag from /opt/airflow/dags/01_create_raw_tables_dag.py
[2026-01-13T00:42:17.315+0000] {logging_mixin.py:188} INFO - [2026-01-13T00:42:17.314+0000] {templater.py:93} ERROR - Failed to resolve template field 'sql'
Traceback (most recent call last):
  File "/home/airflow/.local/lib/python3.10/site-packages/airflow/template/templater.py", line 91, in resolve_template_files
    setattr(self, field, env.loader.get_source(env, content)[0])  # type: ignore
  File "/home/airflow/.local/lib/python3.10/site-packages/jinja2/loaders.py", line 207, in get_source
    raise TemplateNotFound(template)
jinja2.exceptions.TemplateNotFound: raw/01_create_raw_deuda_publica.sql
[2026-01-13T00:42:17.333+0000] {processor.py:840} INFO - DAG(s) '01_create_raw_tables' retrieved from /opt/airflow/dags/01_create_raw_tables_dag.py
[2026-01-13T00:42:18.201+0000] {logging_mixin.py:188} INFO - [2026-01-13T00:42:18.201+0000] {dag.py:3089} INFO - Sync 1 DAGs
[2026-01-13T00:42:18.298+0000] {logging_mixin.py:188} INFO - [2026-01-13T00:42:18.297+0000] {dag.py:3947} INFO - Setting next_dagrun for 01_create_raw_tables to None, run_after=None
[2026-01-13T00:42:18.447+0000] {processor.py:183} INFO - Processing /opt/airflow/dags/01_create_raw_tables_dag.py took 1.267 seconds
[2026-01-13T00:42:49.637+0000] {processor.py:161} INFO - Started process (PID=179) to work on /opt/airflow/dags/01_create_raw_tables_dag.py
[2026-01-13T00:42:49.665+0000] {processor.py:830} INFO - Processing file /opt/airflow/dags/01_create_raw_tables_dag.py for tasks to queue
[2026-01-13T00:42:49.695+0000] {logging_mixin.py:188} INFO - [2026-01-13T00:42:49.693+0000] {dagbag.py:545} INFO - Filling up the DagBag from /opt/airflow/dags/01_create_raw_tables_dag.py
[2026-01-13T00:42:50.672+0000] {logging_mixin.py:188} INFO - [2026-01-13T00:42:50.653+0000] {templater.py:93} ERROR - Failed to resolve template field 'sql'
Traceback (most recent call last):
  File "/home/airflow/.local/lib/python3.10/site-packages/airflow/template/templater.py", line 91, in resolve_template_files
    setattr(self, field, env.loader.get_source(env, content)[0])  # type: ignore
  File "/home/airflow/.local/lib/python3.10/site-packages/jinja2/loaders.py", line 207, in get_source
    raise TemplateNotFound(template)
jinja2.exceptions.TemplateNotFound: raw/01_create_raw_deuda_publica.sql
[2026-01-13T00:42:50.877+0000] {processor.py:840} INFO - DAG(s) '01_create_raw_tables' retrieved from /opt/airflow/dags/01_create_raw_tables_dag.py
[2026-01-13T00:42:51.179+0000] {logging_mixin.py:188} INFO - [2026-01-13T00:42:51.179+0000] {dag.py:3089} INFO - Sync 1 DAGs
[2026-01-13T00:42:51.331+0000] {logging_mixin.py:188} INFO - [2026-01-13T00:42:51.330+0000] {dag.py:3947} INFO - Setting next_dagrun for 01_create_raw_tables to None, run_after=None
[2026-01-13T00:42:51.632+0000] {processor.py:183} INFO - Processing /opt/airflow/dags/01_create_raw_tables_dag.py took 2.062 seconds
[2026-01-13T00:43:22.214+0000] {processor.py:161} INFO - Started process (PID=189) to work on /opt/airflow/dags/01_create_raw_tables_dag.py
[2026-01-13T00:43:22.227+0000] {processor.py:830} INFO - Processing file /opt/airflow/dags/01_create_raw_tables_dag.py for tasks to queue
[2026-01-13T00:43:22.237+0000] {logging_mixin.py:188} INFO - [2026-01-13T00:43:22.237+0000] {dagbag.py:545} INFO - Filling up the DagBag from /opt/airflow/dags/01_create_raw_tables_dag.py
[2026-01-13T00:43:22.302+0000] {logging_mixin.py:188} INFO - [2026-01-13T00:43:22.300+0000] {templater.py:93} ERROR - Failed to resolve template field 'sql'
Traceback (most recent call last):
  File "/home/airflow/.local/lib/python3.10/site-packages/airflow/template/templater.py", line 91, in resolve_template_files
    setattr(self, field, env.loader.get_source(env, content)[0])  # type: ignore
  File "/home/airflow/.local/lib/python3.10/site-packages/jinja2/loaders.py", line 207, in get_source
    raise TemplateNotFound(template)
jinja2.exceptions.TemplateNotFound: raw/01_create_raw_deuda_publica.sql
[2026-01-13T00:43:22.320+0000] {processor.py:840} INFO - DAG(s) '01_create_raw_tables' retrieved from /opt/airflow/dags/01_create_raw_tables_dag.py
[2026-01-13T00:43:22.440+0000] {logging_mixin.py:188} INFO - [2026-01-13T00:43:22.439+0000] {dag.py:3089} INFO - Sync 1 DAGs
[2026-01-13T00:43:22.487+0000] {logging_mixin.py:188} INFO - [2026-01-13T00:43:22.486+0000] {dag.py:3947} INFO - Setting next_dagrun for 01_create_raw_tables to None, run_after=None
[2026-01-13T00:43:22.542+0000] {processor.py:183} INFO - Processing /opt/airflow/dags/01_create_raw_tables_dag.py took 0.342 seconds
[2026-01-13T00:43:52.993+0000] {processor.py:161} INFO - Started process (PID=199) to work on /opt/airflow/dags/01_create_raw_tables_dag.py
[2026-01-13T00:43:53.001+0000] {processor.py:830} INFO - Processing file /opt/airflow/dags/01_create_raw_tables_dag.py for tasks to queue
[2026-01-13T00:43:53.009+0000] {logging_mixin.py:188} INFO - [2026-01-13T00:43:53.008+0000] {dagbag.py:545} INFO - Filling up the DagBag from /opt/airflow/dags/01_create_raw_tables_dag.py
[2026-01-13T00:43:53.056+0000] {logging_mixin.py:188} INFO - [2026-01-13T00:43:53.054+0000] {templater.py:93} ERROR - Failed to resolve template field 'sql'
Traceback (most recent call last):
  File "/home/airflow/.local/lib/python3.10/site-packages/airflow/template/templater.py", line 91, in resolve_template_files
    setattr(self, field, env.loader.get_source(env, content)[0])  # type: ignore
  File "/home/airflow/.local/lib/python3.10/site-packages/jinja2/loaders.py", line 207, in get_source
    raise TemplateNotFound(template)
jinja2.exceptions.TemplateNotFound: raw/01_create_raw_deuda_publica.sql
[2026-01-13T00:43:53.065+0000] {processor.py:840} INFO - DAG(s) '01_create_raw_tables' retrieved from /opt/airflow/dags/01_create_raw_tables_dag.py
[2026-01-13T00:43:53.152+0000] {logging_mixin.py:188} INFO - [2026-01-13T00:43:53.152+0000] {dag.py:3089} INFO - Sync 1 DAGs
[2026-01-13T00:43:53.185+0000] {logging_mixin.py:188} INFO - [2026-01-13T00:43:53.185+0000] {dag.py:3947} INFO - Setting next_dagrun for 01_create_raw_tables to None, run_after=None
[2026-01-13T00:43:53.227+0000] {processor.py:183} INFO - Processing /opt/airflow/dags/01_create_raw_tables_dag.py took 0.262 seconds
[2026-01-13T00:44:24.350+0000] {processor.py:161} INFO - Started process (PID=211) to work on /opt/airflow/dags/01_create_raw_tables_dag.py
[2026-01-13T00:44:24.385+0000] {processor.py:830} INFO - Processing file /opt/airflow/dags/01_create_raw_tables_dag.py for tasks to queue
[2026-01-13T00:44:24.480+0000] {logging_mixin.py:188} INFO - [2026-01-13T00:44:24.478+0000] {dagbag.py:545} INFO - Filling up the DagBag from /opt/airflow/dags/01_create_raw_tables_dag.py
[2026-01-13T00:44:24.593+0000] {logging_mixin.py:188} INFO - [2026-01-13T00:44:24.591+0000] {templater.py:93} ERROR - Failed to resolve template field 'sql'
Traceback (most recent call last):
  File "/home/airflow/.local/lib/python3.10/site-packages/airflow/template/templater.py", line 91, in resolve_template_files
    setattr(self, field, env.loader.get_source(env, content)[0])  # type: ignore
  File "/home/airflow/.local/lib/python3.10/site-packages/jinja2/loaders.py", line 207, in get_source
    raise TemplateNotFound(template)
jinja2.exceptions.TemplateNotFound: raw/01_create_raw_deuda_publica.sql
[2026-01-13T00:44:24.614+0000] {processor.py:840} INFO - DAG(s) '01_create_raw_tables' retrieved from /opt/airflow/dags/01_create_raw_tables_dag.py
[2026-01-13T00:44:25.143+0000] {logging_mixin.py:188} INFO - [2026-01-13T00:44:25.143+0000] {dag.py:3089} INFO - Sync 1 DAGs
[2026-01-13T00:44:25.368+0000] {logging_mixin.py:188} INFO - [2026-01-13T00:44:25.367+0000] {dag.py:3947} INFO - Setting next_dagrun for 01_create_raw_tables to None, run_after=None
[2026-01-13T00:44:25.514+0000] {processor.py:183} INFO - Processing /opt/airflow/dags/01_create_raw_tables_dag.py took 1.754 seconds
[2026-01-13T00:44:55.995+0000] {processor.py:161} INFO - Started process (PID=224) to work on /opt/airflow/dags/01_create_raw_tables_dag.py
[2026-01-13T00:44:56.000+0000] {processor.py:830} INFO - Processing file /opt/airflow/dags/01_create_raw_tables_dag.py for tasks to queue
[2026-01-13T00:44:56.013+0000] {logging_mixin.py:188} INFO - [2026-01-13T00:44:56.012+0000] {dagbag.py:545} INFO - Filling up the DagBag from /opt/airflow/dags/01_create_raw_tables_dag.py
[2026-01-13T00:44:56.068+0000] {logging_mixin.py:188} INFO - [2026-01-13T00:44:56.067+0000] {templater.py:93} ERROR - Failed to resolve template field 'sql'
Traceback (most recent call last):
  File "/home/airflow/.local/lib/python3.10/site-packages/airflow/template/templater.py", line 91, in resolve_template_files
    setattr(self, field, env.loader.get_source(env, content)[0])  # type: ignore
  File "/home/airflow/.local/lib/python3.10/site-packages/jinja2/loaders.py", line 207, in get_source
    raise TemplateNotFound(template)
jinja2.exceptions.TemplateNotFound: raw/01_create_raw_deuda_publica.sql
[2026-01-13T00:44:56.085+0000] {processor.py:840} INFO - DAG(s) '01_create_raw_tables' retrieved from /opt/airflow/dags/01_create_raw_tables_dag.py
[2026-01-13T00:44:56.338+0000] {logging_mixin.py:188} INFO - [2026-01-13T00:44:56.337+0000] {dag.py:3089} INFO - Sync 1 DAGs
[2026-01-13T00:44:56.386+0000] {logging_mixin.py:188} INFO - [2026-01-13T00:44:56.386+0000] {dag.py:3947} INFO - Setting next_dagrun for 01_create_raw_tables to None, run_after=None
[2026-01-13T00:44:56.459+0000] {processor.py:183} INFO - Processing /opt/airflow/dags/01_create_raw_tables_dag.py took 0.495 seconds
[2026-01-13T00:45:26.739+0000] {processor.py:161} INFO - Started process (PID=231) to work on /opt/airflow/dags/01_create_raw_tables_dag.py
[2026-01-13T00:45:26.776+0000] {processor.py:830} INFO - Processing file /opt/airflow/dags/01_create_raw_tables_dag.py for tasks to queue
[2026-01-13T00:45:26.804+0000] {logging_mixin.py:188} INFO - [2026-01-13T00:45:26.800+0000] {dagbag.py:545} INFO - Filling up the DagBag from /opt/airflow/dags/01_create_raw_tables_dag.py
[2026-01-13T00:45:26.934+0000] {logging_mixin.py:188} INFO - [2026-01-13T00:45:26.902+0000] {templater.py:93} ERROR - Failed to resolve template field 'sql'
Traceback (most recent call last):
  File "/home/airflow/.local/lib/python3.10/site-packages/airflow/template/templater.py", line 91, in resolve_template_files
    setattr(self, field, env.loader.get_source(env, content)[0])  # type: ignore
  File "/home/airflow/.local/lib/python3.10/site-packages/jinja2/loaders.py", line 207, in get_source
    raise TemplateNotFound(template)
jinja2.exceptions.TemplateNotFound: raw/01_create_raw_deuda_publica.sql
[2026-01-13T00:45:26.951+0000] {processor.py:840} INFO - DAG(s) '01_create_raw_tables' retrieved from /opt/airflow/dags/01_create_raw_tables_dag.py
[2026-01-13T00:45:27.303+0000] {logging_mixin.py:188} INFO - [2026-01-13T00:45:27.303+0000] {dag.py:3089} INFO - Sync 1 DAGs
[2026-01-13T00:45:27.388+0000] {logging_mixin.py:188} INFO - [2026-01-13T00:45:27.388+0000] {dag.py:3947} INFO - Setting next_dagrun for 01_create_raw_tables to None, run_after=None
[2026-01-13T00:45:27.434+0000] {processor.py:183} INFO - Processing /opt/airflow/dags/01_create_raw_tables_dag.py took 0.711 seconds
[2026-01-13T00:45:58.105+0000] {processor.py:161} INFO - Started process (PID=241) to work on /opt/airflow/dags/01_create_raw_tables_dag.py
[2026-01-13T00:45:58.116+0000] {processor.py:830} INFO - Processing file /opt/airflow/dags/01_create_raw_tables_dag.py for tasks to queue
[2026-01-13T00:45:58.125+0000] {logging_mixin.py:188} INFO - [2026-01-13T00:45:58.124+0000] {dagbag.py:545} INFO - Filling up the DagBag from /opt/airflow/dags/01_create_raw_tables_dag.py
[2026-01-13T00:45:58.167+0000] {logging_mixin.py:188} INFO - [2026-01-13T00:45:58.165+0000] {templater.py:93} ERROR - Failed to resolve template field 'sql'
Traceback (most recent call last):
  File "/home/airflow/.local/lib/python3.10/site-packages/airflow/template/templater.py", line 91, in resolve_template_files
    setattr(self, field, env.loader.get_source(env, content)[0])  # type: ignore
  File "/home/airflow/.local/lib/python3.10/site-packages/jinja2/loaders.py", line 207, in get_source
    raise TemplateNotFound(template)
jinja2.exceptions.TemplateNotFound: raw/01_create_raw_deuda_publica.sql
[2026-01-13T00:45:58.182+0000] {processor.py:840} INFO - DAG(s) '01_create_raw_tables' retrieved from /opt/airflow/dags/01_create_raw_tables_dag.py
[2026-01-13T00:45:58.318+0000] {logging_mixin.py:188} INFO - [2026-01-13T00:45:58.317+0000] {dag.py:3089} INFO - Sync 1 DAGs
[2026-01-13T00:45:58.363+0000] {logging_mixin.py:188} INFO - [2026-01-13T00:45:58.362+0000] {dag.py:3947} INFO - Setting next_dagrun for 01_create_raw_tables to None, run_after=None
[2026-01-13T00:45:58.422+0000] {processor.py:183} INFO - Processing /opt/airflow/dags/01_create_raw_tables_dag.py took 0.358 seconds
[2026-01-13T00:46:29.279+0000] {processor.py:161} INFO - Started process (PID=251) to work on /opt/airflow/dags/01_create_raw_tables_dag.py
[2026-01-13T00:46:29.283+0000] {processor.py:830} INFO - Processing file /opt/airflow/dags/01_create_raw_tables_dag.py for tasks to queue
[2026-01-13T00:46:29.293+0000] {logging_mixin.py:188} INFO - [2026-01-13T00:46:29.292+0000] {dagbag.py:545} INFO - Filling up the DagBag from /opt/airflow/dags/01_create_raw_tables_dag.py
[2026-01-13T00:46:29.356+0000] {logging_mixin.py:188} INFO - [2026-01-13T00:46:29.355+0000] {templater.py:93} ERROR - Failed to resolve template field 'sql'
Traceback (most recent call last):
  File "/home/airflow/.local/lib/python3.10/site-packages/airflow/template/templater.py", line 91, in resolve_template_files
    setattr(self, field, env.loader.get_source(env, content)[0])  # type: ignore
  File "/home/airflow/.local/lib/python3.10/site-packages/jinja2/loaders.py", line 207, in get_source
    raise TemplateNotFound(template)
jinja2.exceptions.TemplateNotFound: raw/01_create_raw_deuda_publica.sql
[2026-01-13T00:46:29.371+0000] {processor.py:840} INFO - DAG(s) '01_create_raw_tables' retrieved from /opt/airflow/dags/01_create_raw_tables_dag.py
[2026-01-13T00:46:29.490+0000] {logging_mixin.py:188} INFO - [2026-01-13T00:46:29.490+0000] {dag.py:3089} INFO - Sync 1 DAGs
[2026-01-13T00:46:29.539+0000] {logging_mixin.py:188} INFO - [2026-01-13T00:46:29.538+0000] {dag.py:3947} INFO - Setting next_dagrun for 01_create_raw_tables to None, run_after=None
[2026-01-13T00:46:29.591+0000] {processor.py:183} INFO - Processing /opt/airflow/dags/01_create_raw_tables_dag.py took 0.332 seconds
[2026-01-13T00:46:59.946+0000] {processor.py:161} INFO - Started process (PID=261) to work on /opt/airflow/dags/01_create_raw_tables_dag.py
[2026-01-13T00:46:59.948+0000] {processor.py:830} INFO - Processing file /opt/airflow/dags/01_create_raw_tables_dag.py for tasks to queue
[2026-01-13T00:46:59.951+0000] {logging_mixin.py:188} INFO - [2026-01-13T00:46:59.950+0000] {dagbag.py:545} INFO - Filling up the DagBag from /opt/airflow/dags/01_create_raw_tables_dag.py
[2026-01-13T00:46:59.974+0000] {logging_mixin.py:188} INFO - [2026-01-13T00:46:59.972+0000] {templater.py:93} ERROR - Failed to resolve template field 'sql'
Traceback (most recent call last):
  File "/home/airflow/.local/lib/python3.10/site-packages/airflow/template/templater.py", line 91, in resolve_template_files
    setattr(self, field, env.loader.get_source(env, content)[0])  # type: ignore
  File "/home/airflow/.local/lib/python3.10/site-packages/jinja2/loaders.py", line 207, in get_source
    raise TemplateNotFound(template)
jinja2.exceptions.TemplateNotFound: raw/01_create_raw_deuda_publica.sql
[2026-01-13T00:46:59.986+0000] {processor.py:840} INFO - DAG(s) '01_create_raw_tables' retrieved from /opt/airflow/dags/01_create_raw_tables_dag.py
[2026-01-13T00:47:00.103+0000] {logging_mixin.py:188} INFO - [2026-01-13T00:47:00.103+0000] {dag.py:3089} INFO - Sync 1 DAGs
[2026-01-13T00:47:00.130+0000] {logging_mixin.py:188} INFO - [2026-01-13T00:47:00.129+0000] {dag.py:3947} INFO - Setting next_dagrun for 01_create_raw_tables to None, run_after=None
[2026-01-13T00:47:00.176+0000] {processor.py:183} INFO - Processing /opt/airflow/dags/01_create_raw_tables_dag.py took 0.245 seconds
[2026-01-13T00:47:30.575+0000] {processor.py:161} INFO - Started process (PID=271) to work on /opt/airflow/dags/01_create_raw_tables_dag.py
[2026-01-13T00:47:30.578+0000] {processor.py:830} INFO - Processing file /opt/airflow/dags/01_create_raw_tables_dag.py for tasks to queue
[2026-01-13T00:47:30.582+0000] {logging_mixin.py:188} INFO - [2026-01-13T00:47:30.581+0000] {dagbag.py:545} INFO - Filling up the DagBag from /opt/airflow/dags/01_create_raw_tables_dag.py
[2026-01-13T00:47:30.609+0000] {logging_mixin.py:188} INFO - [2026-01-13T00:47:30.607+0000] {templater.py:93} ERROR - Failed to resolve template field 'sql'
Traceback (most recent call last):
  File "/home/airflow/.local/lib/python3.10/site-packages/airflow/template/templater.py", line 91, in resolve_template_files
    setattr(self, field, env.loader.get_source(env, content)[0])  # type: ignore
  File "/home/airflow/.local/lib/python3.10/site-packages/jinja2/loaders.py", line 207, in get_source
    raise TemplateNotFound(template)
jinja2.exceptions.TemplateNotFound: raw/01_create_raw_deuda_publica.sql
[2026-01-13T00:47:30.620+0000] {processor.py:840} INFO - DAG(s) '01_create_raw_tables' retrieved from /opt/airflow/dags/01_create_raw_tables_dag.py
[2026-01-13T00:47:30.687+0000] {logging_mixin.py:188} INFO - [2026-01-13T00:47:30.687+0000] {dag.py:3089} INFO - Sync 1 DAGs
[2026-01-13T00:47:30.717+0000] {logging_mixin.py:188} INFO - [2026-01-13T00:47:30.717+0000] {dag.py:3947} INFO - Setting next_dagrun for 01_create_raw_tables to None, run_after=None
[2026-01-13T00:47:30.769+0000] {processor.py:183} INFO - Processing /opt/airflow/dags/01_create_raw_tables_dag.py took 0.214 seconds
[2026-01-13T00:48:01.165+0000] {processor.py:161} INFO - Started process (PID=281) to work on /opt/airflow/dags/01_create_raw_tables_dag.py
[2026-01-13T00:48:01.171+0000] {processor.py:830} INFO - Processing file /opt/airflow/dags/01_create_raw_tables_dag.py for tasks to queue
[2026-01-13T00:48:01.187+0000] {logging_mixin.py:188} INFO - [2026-01-13T00:48:01.187+0000] {dagbag.py:545} INFO - Filling up the DagBag from /opt/airflow/dags/01_create_raw_tables_dag.py
[2026-01-13T00:48:01.236+0000] {logging_mixin.py:188} INFO - [2026-01-13T00:48:01.234+0000] {templater.py:93} ERROR - Failed to resolve template field 'sql'
Traceback (most recent call last):
  File "/home/airflow/.local/lib/python3.10/site-packages/airflow/template/templater.py", line 91, in resolve_template_files
    setattr(self, field, env.loader.get_source(env, content)[0])  # type: ignore
  File "/home/airflow/.local/lib/python3.10/site-packages/jinja2/loaders.py", line 207, in get_source
    raise TemplateNotFound(template)
jinja2.exceptions.TemplateNotFound: raw/01_create_raw_deuda_publica.sql
[2026-01-13T00:48:01.254+0000] {processor.py:840} INFO - DAG(s) '01_create_raw_tables' retrieved from /opt/airflow/dags/01_create_raw_tables_dag.py
[2026-01-13T00:48:01.382+0000] {logging_mixin.py:188} INFO - [2026-01-13T00:48:01.373+0000] {dag.py:3089} INFO - Sync 1 DAGs
[2026-01-13T00:48:01.434+0000] {logging_mixin.py:188} INFO - [2026-01-13T00:48:01.433+0000] {dag.py:3947} INFO - Setting next_dagrun for 01_create_raw_tables to None, run_after=None
[2026-01-13T00:48:01.507+0000] {processor.py:183} INFO - Processing /opt/airflow/dags/01_create_raw_tables_dag.py took 0.360 seconds
[2026-01-13T00:48:32.138+0000] {processor.py:161} INFO - Started process (PID=291) to work on /opt/airflow/dags/01_create_raw_tables_dag.py
[2026-01-13T00:48:32.144+0000] {processor.py:830} INFO - Processing file /opt/airflow/dags/01_create_raw_tables_dag.py for tasks to queue
[2026-01-13T00:48:32.148+0000] {logging_mixin.py:188} INFO - [2026-01-13T00:48:32.147+0000] {dagbag.py:545} INFO - Filling up the DagBag from /opt/airflow/dags/01_create_raw_tables_dag.py
[2026-01-13T00:48:32.226+0000] {logging_mixin.py:188} INFO - [2026-01-13T00:48:32.222+0000] {templater.py:93} ERROR - Failed to resolve template field 'sql'
Traceback (most recent call last):
  File "/home/airflow/.local/lib/python3.10/site-packages/airflow/template/templater.py", line 91, in resolve_template_files
    setattr(self, field, env.loader.get_source(env, content)[0])  # type: ignore
  File "/home/airflow/.local/lib/python3.10/site-packages/jinja2/loaders.py", line 207, in get_source
    raise TemplateNotFound(template)
jinja2.exceptions.TemplateNotFound: raw/01_create_raw_deuda_publica.sql
[2026-01-13T00:48:32.256+0000] {processor.py:840} INFO - DAG(s) '01_create_raw_tables' retrieved from /opt/airflow/dags/01_create_raw_tables_dag.py
[2026-01-13T00:48:32.515+0000] {logging_mixin.py:188} INFO - [2026-01-13T00:48:32.514+0000] {dag.py:3089} INFO - Sync 1 DAGs
[2026-01-13T00:48:32.548+0000] {logging_mixin.py:188} INFO - [2026-01-13T00:48:32.547+0000] {dag.py:3947} INFO - Setting next_dagrun for 01_create_raw_tables to None, run_after=None
[2026-01-13T00:48:32.586+0000] {processor.py:183} INFO - Processing /opt/airflow/dags/01_create_raw_tables_dag.py took 0.480 seconds
[2026-01-13T00:49:02.856+0000] {processor.py:161} INFO - Started process (PID=301) to work on /opt/airflow/dags/01_create_raw_tables_dag.py
[2026-01-13T00:49:02.861+0000] {processor.py:830} INFO - Processing file /opt/airflow/dags/01_create_raw_tables_dag.py for tasks to queue
[2026-01-13T00:49:02.868+0000] {logging_mixin.py:188} INFO - [2026-01-13T00:49:02.867+0000] {dagbag.py:545} INFO - Filling up the DagBag from /opt/airflow/dags/01_create_raw_tables_dag.py
[2026-01-13T00:49:02.903+0000] {logging_mixin.py:188} INFO - [2026-01-13T00:49:02.897+0000] {templater.py:93} ERROR - Failed to resolve template field 'sql'
Traceback (most recent call last):
  File "/home/airflow/.local/lib/python3.10/site-packages/airflow/template/templater.py", line 91, in resolve_template_files
    setattr(self, field, env.loader.get_source(env, content)[0])  # type: ignore
  File "/home/airflow/.local/lib/python3.10/site-packages/jinja2/loaders.py", line 207, in get_source
    raise TemplateNotFound(template)
jinja2.exceptions.TemplateNotFound: raw/01_create_raw_deuda_publica.sql
[2026-01-13T00:49:02.913+0000] {processor.py:840} INFO - DAG(s) '01_create_raw_tables' retrieved from /opt/airflow/dags/01_create_raw_tables_dag.py
[2026-01-13T00:49:03.036+0000] {logging_mixin.py:188} INFO - [2026-01-13T00:49:03.036+0000] {dag.py:3089} INFO - Sync 1 DAGs
[2026-01-13T00:49:03.099+0000] {logging_mixin.py:188} INFO - [2026-01-13T00:49:03.099+0000] {dag.py:3947} INFO - Setting next_dagrun for 01_create_raw_tables to None, run_after=None
[2026-01-13T00:49:03.153+0000] {processor.py:183} INFO - Processing /opt/airflow/dags/01_create_raw_tables_dag.py took 0.311 seconds
[2026-01-13T00:49:34.083+0000] {processor.py:161} INFO - Started process (PID=311) to work on /opt/airflow/dags/01_create_raw_tables_dag.py
[2026-01-13T00:49:34.088+0000] {processor.py:830} INFO - Processing file /opt/airflow/dags/01_create_raw_tables_dag.py for tasks to queue
[2026-01-13T00:49:34.095+0000] {logging_mixin.py:188} INFO - [2026-01-13T00:49:34.095+0000] {dagbag.py:545} INFO - Filling up the DagBag from /opt/airflow/dags/01_create_raw_tables_dag.py
[2026-01-13T00:49:34.127+0000] {logging_mixin.py:188} INFO - [2026-01-13T00:49:34.126+0000] {templater.py:93} ERROR - Failed to resolve template field 'sql'
Traceback (most recent call last):
  File "/home/airflow/.local/lib/python3.10/site-packages/airflow/template/templater.py", line 91, in resolve_template_files
    setattr(self, field, env.loader.get_source(env, content)[0])  # type: ignore
  File "/home/airflow/.local/lib/python3.10/site-packages/jinja2/loaders.py", line 207, in get_source
    raise TemplateNotFound(template)
jinja2.exceptions.TemplateNotFound: raw/01_create_raw_deuda_publica.sql
[2026-01-13T00:49:34.140+0000] {processor.py:840} INFO - DAG(s) '01_create_raw_tables' retrieved from /opt/airflow/dags/01_create_raw_tables_dag.py
[2026-01-13T00:49:34.238+0000] {logging_mixin.py:188} INFO - [2026-01-13T00:49:34.238+0000] {dag.py:3089} INFO - Sync 1 DAGs
[2026-01-13T00:49:34.274+0000] {logging_mixin.py:188} INFO - [2026-01-13T00:49:34.274+0000] {dag.py:3947} INFO - Setting next_dagrun for 01_create_raw_tables to None, run_after=None
[2026-01-13T00:49:34.327+0000] {processor.py:183} INFO - Processing /opt/airflow/dags/01_create_raw_tables_dag.py took 0.279 seconds
[2026-01-13T00:50:04.423+0000] {processor.py:161} INFO - Started process (PID=321) to work on /opt/airflow/dags/01_create_raw_tables_dag.py
[2026-01-13T00:50:04.427+0000] {processor.py:830} INFO - Processing file /opt/airflow/dags/01_create_raw_tables_dag.py for tasks to queue
[2026-01-13T00:50:04.433+0000] {logging_mixin.py:188} INFO - [2026-01-13T00:50:04.432+0000] {dagbag.py:545} INFO - Filling up the DagBag from /opt/airflow/dags/01_create_raw_tables_dag.py
[2026-01-13T00:50:04.462+0000] {logging_mixin.py:188} INFO - [2026-01-13T00:50:04.461+0000] {templater.py:93} ERROR - Failed to resolve template field 'sql'
Traceback (most recent call last):
  File "/home/airflow/.local/lib/python3.10/site-packages/airflow/template/templater.py", line 91, in resolve_template_files
    setattr(self, field, env.loader.get_source(env, content)[0])  # type: ignore
  File "/home/airflow/.local/lib/python3.10/site-packages/jinja2/loaders.py", line 207, in get_source
    raise TemplateNotFound(template)
jinja2.exceptions.TemplateNotFound: raw/01_create_raw_deuda_publica.sql
[2026-01-13T00:50:04.476+0000] {processor.py:840} INFO - DAG(s) '01_create_raw_tables' retrieved from /opt/airflow/dags/01_create_raw_tables_dag.py
[2026-01-13T00:50:04.623+0000] {logging_mixin.py:188} INFO - [2026-01-13T00:50:04.622+0000] {dag.py:3089} INFO - Sync 1 DAGs
[2026-01-13T00:50:04.660+0000] {logging_mixin.py:188} INFO - [2026-01-13T00:50:04.659+0000] {dag.py:3947} INFO - Setting next_dagrun for 01_create_raw_tables to None, run_after=None
[2026-01-13T00:50:04.732+0000] {processor.py:183} INFO - Processing /opt/airflow/dags/01_create_raw_tables_dag.py took 0.331 seconds
[2026-01-13T00:50:35.099+0000] {processor.py:161} INFO - Started process (PID=331) to work on /opt/airflow/dags/01_create_raw_tables_dag.py
[2026-01-13T00:50:35.102+0000] {processor.py:830} INFO - Processing file /opt/airflow/dags/01_create_raw_tables_dag.py for tasks to queue
[2026-01-13T00:50:35.112+0000] {logging_mixin.py:188} INFO - [2026-01-13T00:50:35.111+0000] {dagbag.py:545} INFO - Filling up the DagBag from /opt/airflow/dags/01_create_raw_tables_dag.py
[2026-01-13T00:50:35.151+0000] {logging_mixin.py:188} INFO - [2026-01-13T00:50:35.149+0000] {templater.py:93} ERROR - Failed to resolve template field 'sql'
Traceback (most recent call last):
  File "/home/airflow/.local/lib/python3.10/site-packages/airflow/template/templater.py", line 91, in resolve_template_files
    setattr(self, field, env.loader.get_source(env, content)[0])  # type: ignore
  File "/home/airflow/.local/lib/python3.10/site-packages/jinja2/loaders.py", line 207, in get_source
    raise TemplateNotFound(template)
jinja2.exceptions.TemplateNotFound: raw/01_create_raw_deuda_publica.sql
[2026-01-13T00:50:35.170+0000] {processor.py:840} INFO - DAG(s) '01_create_raw_tables' retrieved from /opt/airflow/dags/01_create_raw_tables_dag.py
[2026-01-13T00:50:35.325+0000] {logging_mixin.py:188} INFO - [2026-01-13T00:50:35.324+0000] {dag.py:3089} INFO - Sync 1 DAGs
[2026-01-13T00:50:35.374+0000] {logging_mixin.py:188} INFO - [2026-01-13T00:50:35.373+0000] {dag.py:3947} INFO - Setting next_dagrun for 01_create_raw_tables to None, run_after=None
[2026-01-13T00:50:35.465+0000] {processor.py:183} INFO - Processing /opt/airflow/dags/01_create_raw_tables_dag.py took 0.390 seconds
[2026-01-13T00:51:05.849+0000] {processor.py:161} INFO - Started process (PID=341) to work on /opt/airflow/dags/01_create_raw_tables_dag.py
[2026-01-13T00:51:05.862+0000] {processor.py:830} INFO - Processing file /opt/airflow/dags/01_create_raw_tables_dag.py for tasks to queue
[2026-01-13T00:51:05.880+0000] {logging_mixin.py:188} INFO - [2026-01-13T00:51:05.868+0000] {dagbag.py:545} INFO - Filling up the DagBag from /opt/airflow/dags/01_create_raw_tables_dag.py
[2026-01-13T00:51:05.945+0000] {logging_mixin.py:188} INFO - [2026-01-13T00:51:05.944+0000] {templater.py:93} ERROR - Failed to resolve template field 'sql'
Traceback (most recent call last):
  File "/home/airflow/.local/lib/python3.10/site-packages/airflow/template/templater.py", line 91, in resolve_template_files
    setattr(self, field, env.loader.get_source(env, content)[0])  # type: ignore
  File "/home/airflow/.local/lib/python3.10/site-packages/jinja2/loaders.py", line 207, in get_source
    raise TemplateNotFound(template)
jinja2.exceptions.TemplateNotFound: raw/01_create_raw_deuda_publica.sql
[2026-01-13T00:51:05.966+0000] {processor.py:840} INFO - DAG(s) '01_create_raw_tables' retrieved from /opt/airflow/dags/01_create_raw_tables_dag.py
[2026-01-13T00:51:06.072+0000] {logging_mixin.py:188} INFO - [2026-01-13T00:51:06.072+0000] {dag.py:3089} INFO - Sync 1 DAGs
[2026-01-13T00:51:06.123+0000] {logging_mixin.py:188} INFO - [2026-01-13T00:51:06.122+0000] {dag.py:3947} INFO - Setting next_dagrun for 01_create_raw_tables to None, run_after=None
[2026-01-13T00:51:06.218+0000] {processor.py:183} INFO - Processing /opt/airflow/dags/01_create_raw_tables_dag.py took 0.408 seconds
[2026-01-13T00:51:36.667+0000] {processor.py:161} INFO - Started process (PID=351) to work on /opt/airflow/dags/01_create_raw_tables_dag.py
[2026-01-13T00:51:36.674+0000] {processor.py:830} INFO - Processing file /opt/airflow/dags/01_create_raw_tables_dag.py for tasks to queue
[2026-01-13T00:51:36.680+0000] {logging_mixin.py:188} INFO - [2026-01-13T00:51:36.679+0000] {dagbag.py:545} INFO - Filling up the DagBag from /opt/airflow/dags/01_create_raw_tables_dag.py
[2026-01-13T00:51:36.798+0000] {logging_mixin.py:188} INFO - [2026-01-13T00:51:36.795+0000] {templater.py:93} ERROR - Failed to resolve template field 'sql'
Traceback (most recent call last):
  File "/home/airflow/.local/lib/python3.10/site-packages/airflow/template/templater.py", line 91, in resolve_template_files
    setattr(self, field, env.loader.get_source(env, content)[0])  # type: ignore
  File "/home/airflow/.local/lib/python3.10/site-packages/jinja2/loaders.py", line 207, in get_source
    raise TemplateNotFound(template)
jinja2.exceptions.TemplateNotFound: raw/01_create_raw_deuda_publica.sql
[2026-01-13T00:51:36.831+0000] {processor.py:840} INFO - DAG(s) '01_create_raw_tables' retrieved from /opt/airflow/dags/01_create_raw_tables_dag.py
[2026-01-13T00:51:36.961+0000] {logging_mixin.py:188} INFO - [2026-01-13T00:51:36.960+0000] {dag.py:3089} INFO - Sync 1 DAGs
[2026-01-13T00:51:36.994+0000] {logging_mixin.py:188} INFO - [2026-01-13T00:51:36.993+0000] {dag.py:3947} INFO - Setting next_dagrun for 01_create_raw_tables to None, run_after=None
[2026-01-13T00:51:37.061+0000] {processor.py:183} INFO - Processing /opt/airflow/dags/01_create_raw_tables_dag.py took 0.414 seconds
[2026-01-13T00:52:07.431+0000] {processor.py:161} INFO - Started process (PID=367) to work on /opt/airflow/dags/01_create_raw_tables_dag.py
[2026-01-13T00:52:07.432+0000] {processor.py:830} INFO - Processing file /opt/airflow/dags/01_create_raw_tables_dag.py for tasks to queue
[2026-01-13T00:52:07.436+0000] {logging_mixin.py:188} INFO - [2026-01-13T00:52:07.435+0000] {dagbag.py:545} INFO - Filling up the DagBag from /opt/airflow/dags/01_create_raw_tables_dag.py
[2026-01-13T00:52:07.459+0000] {logging_mixin.py:188} INFO - [2026-01-13T00:52:07.458+0000] {templater.py:93} ERROR - Failed to resolve template field 'sql'
Traceback (most recent call last):
  File "/home/airflow/.local/lib/python3.10/site-packages/airflow/template/templater.py", line 91, in resolve_template_files
    setattr(self, field, env.loader.get_source(env, content)[0])  # type: ignore
  File "/home/airflow/.local/lib/python3.10/site-packages/jinja2/loaders.py", line 207, in get_source
    raise TemplateNotFound(template)
jinja2.exceptions.TemplateNotFound: raw/01_create_raw_deuda_publica.sql
[2026-01-13T00:52:07.471+0000] {processor.py:840} INFO - DAG(s) '01_create_raw_tables' retrieved from /opt/airflow/dags/01_create_raw_tables_dag.py
[2026-01-13T00:52:07.544+0000] {logging_mixin.py:188} INFO - [2026-01-13T00:52:07.543+0000] {dag.py:3089} INFO - Sync 1 DAGs
[2026-01-13T00:52:07.568+0000] {logging_mixin.py:188} INFO - [2026-01-13T00:52:07.568+0000] {dag.py:3947} INFO - Setting next_dagrun for 01_create_raw_tables to None, run_after=None
[2026-01-13T00:52:07.619+0000] {processor.py:183} INFO - Processing /opt/airflow/dags/01_create_raw_tables_dag.py took 0.206 seconds
[2026-01-13T00:52:38.230+0000] {processor.py:161} INFO - Started process (PID=377) to work on /opt/airflow/dags/01_create_raw_tables_dag.py
[2026-01-13T00:52:38.235+0000] {processor.py:830} INFO - Processing file /opt/airflow/dags/01_create_raw_tables_dag.py for tasks to queue
[2026-01-13T00:52:38.243+0000] {logging_mixin.py:188} INFO - [2026-01-13T00:52:38.242+0000] {dagbag.py:545} INFO - Filling up the DagBag from /opt/airflow/dags/01_create_raw_tables_dag.py
[2026-01-13T00:52:38.302+0000] {logging_mixin.py:188} INFO - [2026-01-13T00:52:38.283+0000] {templater.py:93} ERROR - Failed to resolve template field 'sql'
Traceback (most recent call last):
  File "/home/airflow/.local/lib/python3.10/site-packages/airflow/template/templater.py", line 91, in resolve_template_files
    setattr(self, field, env.loader.get_source(env, content)[0])  # type: ignore
  File "/home/airflow/.local/lib/python3.10/site-packages/jinja2/loaders.py", line 207, in get_source
    raise TemplateNotFound(template)
jinja2.exceptions.TemplateNotFound: raw/01_create_raw_deuda_publica.sql
[2026-01-13T00:52:38.332+0000] {processor.py:840} INFO - DAG(s) '01_create_raw_tables' retrieved from /opt/airflow/dags/01_create_raw_tables_dag.py
[2026-01-13T00:52:38.447+0000] {logging_mixin.py:188} INFO - [2026-01-13T00:52:38.446+0000] {dag.py:3089} INFO - Sync 1 DAGs
[2026-01-13T00:52:38.486+0000] {logging_mixin.py:188} INFO - [2026-01-13T00:52:38.485+0000] {dag.py:3947} INFO - Setting next_dagrun for 01_create_raw_tables to None, run_after=None
[2026-01-13T00:52:38.573+0000] {processor.py:183} INFO - Processing /opt/airflow/dags/01_create_raw_tables_dag.py took 0.366 seconds
[2026-01-13T00:53:09.125+0000] {processor.py:161} INFO - Started process (PID=387) to work on /opt/airflow/dags/01_create_raw_tables_dag.py
[2026-01-13T00:53:09.130+0000] {processor.py:830} INFO - Processing file /opt/airflow/dags/01_create_raw_tables_dag.py for tasks to queue
[2026-01-13T00:53:09.138+0000] {logging_mixin.py:188} INFO - [2026-01-13T00:53:09.138+0000] {dagbag.py:545} INFO - Filling up the DagBag from /opt/airflow/dags/01_create_raw_tables_dag.py
[2026-01-13T00:53:09.180+0000] {logging_mixin.py:188} INFO - [2026-01-13T00:53:09.179+0000] {templater.py:93} ERROR - Failed to resolve template field 'sql'
Traceback (most recent call last):
  File "/home/airflow/.local/lib/python3.10/site-packages/airflow/template/templater.py", line 91, in resolve_template_files
    setattr(self, field, env.loader.get_source(env, content)[0])  # type: ignore
  File "/home/airflow/.local/lib/python3.10/site-packages/jinja2/loaders.py", line 207, in get_source
    raise TemplateNotFound(template)
jinja2.exceptions.TemplateNotFound: raw/01_create_raw_deuda_publica.sql
[2026-01-13T00:53:09.201+0000] {processor.py:840} INFO - DAG(s) '01_create_raw_tables' retrieved from /opt/airflow/dags/01_create_raw_tables_dag.py
[2026-01-13T00:53:09.291+0000] {logging_mixin.py:188} INFO - [2026-01-13T00:53:09.290+0000] {dag.py:3089} INFO - Sync 1 DAGs
[2026-01-13T00:53:09.330+0000] {logging_mixin.py:188} INFO - [2026-01-13T00:53:09.329+0000] {dag.py:3947} INFO - Setting next_dagrun for 01_create_raw_tables to None, run_after=None
[2026-01-13T00:53:09.384+0000] {processor.py:183} INFO - Processing /opt/airflow/dags/01_create_raw_tables_dag.py took 0.321 seconds
[2026-01-13T00:53:39.892+0000] {processor.py:161} INFO - Started process (PID=397) to work on /opt/airflow/dags/01_create_raw_tables_dag.py
[2026-01-13T00:53:39.895+0000] {processor.py:830} INFO - Processing file /opt/airflow/dags/01_create_raw_tables_dag.py for tasks to queue
[2026-01-13T00:53:39.900+0000] {logging_mixin.py:188} INFO - [2026-01-13T00:53:39.899+0000] {dagbag.py:545} INFO - Filling up the DagBag from /opt/airflow/dags/01_create_raw_tables_dag.py
[2026-01-13T00:53:39.936+0000] {logging_mixin.py:188} INFO - [2026-01-13T00:53:39.931+0000] {templater.py:93} ERROR - Failed to resolve template field 'sql'
Traceback (most recent call last):
  File "/home/airflow/.local/lib/python3.10/site-packages/airflow/template/templater.py", line 91, in resolve_template_files
    setattr(self, field, env.loader.get_source(env, content)[0])  # type: ignore
  File "/home/airflow/.local/lib/python3.10/site-packages/jinja2/loaders.py", line 207, in get_source
    raise TemplateNotFound(template)
jinja2.exceptions.TemplateNotFound: raw/01_create_raw_deuda_publica.sql
[2026-01-13T00:53:39.949+0000] {processor.py:840} INFO - DAG(s) '01_create_raw_tables' retrieved from /opt/airflow/dags/01_create_raw_tables_dag.py
[2026-01-13T00:53:40.045+0000] {logging_mixin.py:188} INFO - [2026-01-13T00:53:40.045+0000] {dag.py:3089} INFO - Sync 1 DAGs
[2026-01-13T00:53:40.070+0000] {logging_mixin.py:188} INFO - [2026-01-13T00:53:40.069+0000] {dag.py:3947} INFO - Setting next_dagrun for 01_create_raw_tables to None, run_after=None
[2026-01-13T00:53:40.115+0000] {processor.py:183} INFO - Processing /opt/airflow/dags/01_create_raw_tables_dag.py took 0.247 seconds
[2026-01-13T00:55:55.422+0000] {processor.py:161} INFO - Started process (PID=160) to work on /opt/airflow/dags/01_create_raw_tables_dag.py
[2026-01-13T00:55:55.437+0000] {processor.py:830} INFO - Processing file /opt/airflow/dags/01_create_raw_tables_dag.py for tasks to queue
[2026-01-13T00:55:55.444+0000] {logging_mixin.py:188} INFO - [2026-01-13T00:55:55.443+0000] {dagbag.py:545} INFO - Filling up the DagBag from /opt/airflow/dags/01_create_raw_tables_dag.py
[2026-01-13T00:55:55.868+0000] {processor.py:840} INFO - DAG(s) '01_create_raw_tables' retrieved from /opt/airflow/dags/01_create_raw_tables_dag.py
[2026-01-13T00:55:57.267+0000] {logging_mixin.py:188} INFO - [2026-01-13T00:55:57.266+0000] {dag.py:3089} INFO - Sync 1 DAGs
[2026-01-13T00:55:57.320+0000] {logging_mixin.py:188} INFO - [2026-01-13T00:55:57.319+0000] {dag.py:3947} INFO - Setting next_dagrun for 01_create_raw_tables to None, run_after=None
[2026-01-13T00:55:57.373+0000] {processor.py:183} INFO - Processing /opt/airflow/dags/01_create_raw_tables_dag.py took 2.020 seconds
[2026-01-13T00:56:28.178+0000] {processor.py:161} INFO - Started process (PID=170) to work on /opt/airflow/dags/01_create_raw_tables_dag.py
[2026-01-13T00:56:28.184+0000] {processor.py:830} INFO - Processing file /opt/airflow/dags/01_create_raw_tables_dag.py for tasks to queue
[2026-01-13T00:56:28.197+0000] {logging_mixin.py:188} INFO - [2026-01-13T00:56:28.196+0000] {dagbag.py:545} INFO - Filling up the DagBag from /opt/airflow/dags/01_create_raw_tables_dag.py
[2026-01-13T00:56:28.267+0000] {processor.py:840} INFO - DAG(s) '01_create_raw_tables' retrieved from /opt/airflow/dags/01_create_raw_tables_dag.py
[2026-01-13T00:56:28.398+0000] {logging_mixin.py:188} INFO - [2026-01-13T00:56:28.397+0000] {dag.py:3089} INFO - Sync 1 DAGs
[2026-01-13T00:56:28.434+0000] {logging_mixin.py:188} INFO - [2026-01-13T00:56:28.434+0000] {dag.py:3947} INFO - Setting next_dagrun for 01_create_raw_tables to None, run_after=None
[2026-01-13T00:56:28.509+0000] {processor.py:183} INFO - Processing /opt/airflow/dags/01_create_raw_tables_dag.py took 0.354 seconds
[2026-01-13T00:56:59.206+0000] {processor.py:161} INFO - Started process (PID=180) to work on /opt/airflow/dags/01_create_raw_tables_dag.py
[2026-01-13T00:56:59.211+0000] {processor.py:830} INFO - Processing file /opt/airflow/dags/01_create_raw_tables_dag.py for tasks to queue
[2026-01-13T00:56:59.229+0000] {logging_mixin.py:188} INFO - [2026-01-13T00:56:59.227+0000] {dagbag.py:545} INFO - Filling up the DagBag from /opt/airflow/dags/01_create_raw_tables_dag.py
[2026-01-13T00:56:59.346+0000] {processor.py:840} INFO - DAG(s) '01_create_raw_tables' retrieved from /opt/airflow/dags/01_create_raw_tables_dag.py
[2026-01-13T00:56:59.541+0000] {logging_mixin.py:188} INFO - [2026-01-13T00:56:59.541+0000] {dag.py:3089} INFO - Sync 1 DAGs
[2026-01-13T00:56:59.570+0000] {logging_mixin.py:188} INFO - [2026-01-13T00:56:59.570+0000] {dag.py:3947} INFO - Setting next_dagrun for 01_create_raw_tables to None, run_after=None
[2026-01-13T00:56:59.624+0000] {processor.py:183} INFO - Processing /opt/airflow/dags/01_create_raw_tables_dag.py took 0.498 seconds
[2026-01-13T00:57:29.831+0000] {processor.py:161} INFO - Started process (PID=192) to work on /opt/airflow/dags/01_create_raw_tables_dag.py
[2026-01-13T00:57:29.840+0000] {processor.py:830} INFO - Processing file /opt/airflow/dags/01_create_raw_tables_dag.py for tasks to queue
[2026-01-13T00:57:29.846+0000] {logging_mixin.py:188} INFO - [2026-01-13T00:57:29.845+0000] {dagbag.py:545} INFO - Filling up the DagBag from /opt/airflow/dags/01_create_raw_tables_dag.py
[2026-01-13T00:57:29.891+0000] {processor.py:840} INFO - DAG(s) '01_create_raw_tables' retrieved from /opt/airflow/dags/01_create_raw_tables_dag.py
[2026-01-13T00:57:30.058+0000] {logging_mixin.py:188} INFO - [2026-01-13T00:57:30.056+0000] {dag.py:3089} INFO - Sync 1 DAGs
[2026-01-13T00:57:30.139+0000] {logging_mixin.py:188} INFO - [2026-01-13T00:57:30.138+0000] {dag.py:3947} INFO - Setting next_dagrun for 01_create_raw_tables to None, run_after=None
[2026-01-13T00:57:30.217+0000] {processor.py:183} INFO - Processing /opt/airflow/dags/01_create_raw_tables_dag.py took 0.412 seconds
[2026-01-13T00:58:00.987+0000] {processor.py:161} INFO - Started process (PID=202) to work on /opt/airflow/dags/01_create_raw_tables_dag.py
[2026-01-13T00:58:00.995+0000] {processor.py:830} INFO - Processing file /opt/airflow/dags/01_create_raw_tables_dag.py for tasks to queue
[2026-01-13T00:58:01.005+0000] {logging_mixin.py:188} INFO - [2026-01-13T00:58:01.004+0000] {dagbag.py:545} INFO - Filling up the DagBag from /opt/airflow/dags/01_create_raw_tables_dag.py
[2026-01-13T00:58:01.121+0000] {processor.py:840} INFO - DAG(s) '01_create_raw_tables' retrieved from /opt/airflow/dags/01_create_raw_tables_dag.py
[2026-01-13T00:58:01.361+0000] {logging_mixin.py:188} INFO - [2026-01-13T00:58:01.360+0000] {dag.py:3089} INFO - Sync 1 DAGs
[2026-01-13T00:58:01.429+0000] {logging_mixin.py:188} INFO - [2026-01-13T00:58:01.427+0000] {dag.py:3947} INFO - Setting next_dagrun for 01_create_raw_tables to None, run_after=None
[2026-01-13T00:58:01.521+0000] {processor.py:183} INFO - Processing /opt/airflow/dags/01_create_raw_tables_dag.py took 0.565 seconds
[2026-01-13T00:58:32.219+0000] {processor.py:161} INFO - Started process (PID=212) to work on /opt/airflow/dags/01_create_raw_tables_dag.py
[2026-01-13T00:58:32.247+0000] {processor.py:830} INFO - Processing file /opt/airflow/dags/01_create_raw_tables_dag.py for tasks to queue
[2026-01-13T00:58:32.269+0000] {logging_mixin.py:188} INFO - [2026-01-13T00:58:32.268+0000] {dagbag.py:545} INFO - Filling up the DagBag from /opt/airflow/dags/01_create_raw_tables_dag.py
[2026-01-13T00:58:32.452+0000] {processor.py:840} INFO - DAG(s) '01_create_raw_tables' retrieved from /opt/airflow/dags/01_create_raw_tables_dag.py
[2026-01-13T00:58:32.562+0000] {logging_mixin.py:188} INFO - [2026-01-13T00:58:32.562+0000] {dag.py:3089} INFO - Sync 1 DAGs
[2026-01-13T00:58:32.606+0000] {logging_mixin.py:188} INFO - [2026-01-13T00:58:32.605+0000] {dag.py:3947} INFO - Setting next_dagrun for 01_create_raw_tables to None, run_after=None
[2026-01-13T00:58:32.687+0000] {processor.py:183} INFO - Processing /opt/airflow/dags/01_create_raw_tables_dag.py took 0.639 seconds
[2026-01-13T00:59:03.302+0000] {processor.py:161} INFO - Started process (PID=222) to work on /opt/airflow/dags/01_create_raw_tables_dag.py
[2026-01-13T00:59:03.337+0000] {processor.py:830} INFO - Processing file /opt/airflow/dags/01_create_raw_tables_dag.py for tasks to queue
[2026-01-13T00:59:03.352+0000] {logging_mixin.py:188} INFO - [2026-01-13T00:59:03.348+0000] {dagbag.py:545} INFO - Filling up the DagBag from /opt/airflow/dags/01_create_raw_tables_dag.py
[2026-01-13T00:59:03.464+0000] {processor.py:840} INFO - DAG(s) '01_create_raw_tables' retrieved from /opt/airflow/dags/01_create_raw_tables_dag.py
[2026-01-13T00:59:03.537+0000] {logging_mixin.py:188} INFO - [2026-01-13T00:59:03.536+0000] {dag.py:3089} INFO - Sync 1 DAGs
[2026-01-13T00:59:03.563+0000] {logging_mixin.py:188} INFO - [2026-01-13T00:59:03.563+0000] {dag.py:3947} INFO - Setting next_dagrun for 01_create_raw_tables to None, run_after=None
[2026-01-13T00:59:03.615+0000] {processor.py:183} INFO - Processing /opt/airflow/dags/01_create_raw_tables_dag.py took 0.350 seconds
[2026-01-13T00:59:34.118+0000] {processor.py:161} INFO - Started process (PID=232) to work on /opt/airflow/dags/01_create_raw_tables_dag.py
[2026-01-13T00:59:34.124+0000] {processor.py:830} INFO - Processing file /opt/airflow/dags/01_create_raw_tables_dag.py for tasks to queue
[2026-01-13T00:59:34.136+0000] {logging_mixin.py:188} INFO - [2026-01-13T00:59:34.134+0000] {dagbag.py:545} INFO - Filling up the DagBag from /opt/airflow/dags/01_create_raw_tables_dag.py
[2026-01-13T00:59:34.218+0000] {processor.py:840} INFO - DAG(s) '01_create_raw_tables' retrieved from /opt/airflow/dags/01_create_raw_tables_dag.py
[2026-01-13T00:59:34.516+0000] {logging_mixin.py:188} INFO - [2026-01-13T00:59:34.515+0000] {dag.py:3089} INFO - Sync 1 DAGs
[2026-01-13T00:59:34.556+0000] {logging_mixin.py:188} INFO - [2026-01-13T00:59:34.555+0000] {dag.py:3947} INFO - Setting next_dagrun for 01_create_raw_tables to None, run_after=None
[2026-01-13T00:59:34.684+0000] {processor.py:183} INFO - Processing /opt/airflow/dags/01_create_raw_tables_dag.py took 0.592 seconds
[2026-01-13T01:00:05.350+0000] {processor.py:161} INFO - Started process (PID=242) to work on /opt/airflow/dags/01_create_raw_tables_dag.py
[2026-01-13T01:00:05.456+0000] {processor.py:830} INFO - Processing file /opt/airflow/dags/01_create_raw_tables_dag.py for tasks to queue
[2026-01-13T01:00:05.525+0000] {logging_mixin.py:188} INFO - [2026-01-13T01:00:05.519+0000] {dagbag.py:545} INFO - Filling up the DagBag from /opt/airflow/dags/01_create_raw_tables_dag.py
[2026-01-13T01:00:05.865+0000] {processor.py:840} INFO - DAG(s) '01_create_raw_tables' retrieved from /opt/airflow/dags/01_create_raw_tables_dag.py
[2026-01-13T01:00:06.122+0000] {logging_mixin.py:188} INFO - [2026-01-13T01:00:06.120+0000] {dag.py:3089} INFO - Sync 1 DAGs
[2026-01-13T01:00:06.192+0000] {logging_mixin.py:188} INFO - [2026-01-13T01:00:06.192+0000] {dag.py:3947} INFO - Setting next_dagrun for 01_create_raw_tables to None, run_after=None
[2026-01-13T01:00:06.315+0000] {processor.py:183} INFO - Processing /opt/airflow/dags/01_create_raw_tables_dag.py took 1.203 seconds
[2026-01-13T01:00:37.075+0000] {processor.py:161} INFO - Started process (PID=252) to work on /opt/airflow/dags/01_create_raw_tables_dag.py
[2026-01-13T01:00:37.084+0000] {processor.py:830} INFO - Processing file /opt/airflow/dags/01_create_raw_tables_dag.py for tasks to queue
[2026-01-13T01:00:37.093+0000] {logging_mixin.py:188} INFO - [2026-01-13T01:00:37.091+0000] {dagbag.py:545} INFO - Filling up the DagBag from /opt/airflow/dags/01_create_raw_tables_dag.py
[2026-01-13T01:00:37.174+0000] {processor.py:840} INFO - DAG(s) '01_create_raw_tables' retrieved from /opt/airflow/dags/01_create_raw_tables_dag.py
[2026-01-13T01:00:37.378+0000] {logging_mixin.py:188} INFO - [2026-01-13T01:00:37.377+0000] {dag.py:3089} INFO - Sync 1 DAGs
[2026-01-13T01:00:37.499+0000] {logging_mixin.py:188} INFO - [2026-01-13T01:00:37.497+0000] {dag.py:3947} INFO - Setting next_dagrun for 01_create_raw_tables to None, run_after=None
[2026-01-13T01:00:37.624+0000] {processor.py:183} INFO - Processing /opt/airflow/dags/01_create_raw_tables_dag.py took 0.583 seconds
[2026-01-13T01:01:08.403+0000] {processor.py:161} INFO - Started process (PID=264) to work on /opt/airflow/dags/01_create_raw_tables_dag.py
[2026-01-13T01:01:08.407+0000] {processor.py:830} INFO - Processing file /opt/airflow/dags/01_create_raw_tables_dag.py for tasks to queue
[2026-01-13T01:01:08.410+0000] {logging_mixin.py:188} INFO - [2026-01-13T01:01:08.410+0000] {dagbag.py:545} INFO - Filling up the DagBag from /opt/airflow/dags/01_create_raw_tables_dag.py
[2026-01-13T01:01:08.454+0000] {processor.py:840} INFO - DAG(s) '01_create_raw_tables' retrieved from /opt/airflow/dags/01_create_raw_tables_dag.py
[2026-01-13T01:01:08.559+0000] {logging_mixin.py:188} INFO - [2026-01-13T01:01:08.558+0000] {dag.py:3089} INFO - Sync 1 DAGs
[2026-01-13T01:01:08.611+0000] {logging_mixin.py:188} INFO - [2026-01-13T01:01:08.610+0000] {dag.py:3947} INFO - Setting next_dagrun for 01_create_raw_tables to None, run_after=None
[2026-01-13T01:01:08.706+0000] {processor.py:183} INFO - Processing /opt/airflow/dags/01_create_raw_tables_dag.py took 0.318 seconds
[2026-01-13T01:01:39.322+0000] {processor.py:161} INFO - Started process (PID=274) to work on /opt/airflow/dags/01_create_raw_tables_dag.py
[2026-01-13T01:01:39.329+0000] {processor.py:830} INFO - Processing file /opt/airflow/dags/01_create_raw_tables_dag.py for tasks to queue
[2026-01-13T01:01:39.337+0000] {logging_mixin.py:188} INFO - [2026-01-13T01:01:39.335+0000] {dagbag.py:545} INFO - Filling up the DagBag from /opt/airflow/dags/01_create_raw_tables_dag.py
[2026-01-13T01:01:39.407+0000] {processor.py:840} INFO - DAG(s) '01_create_raw_tables' retrieved from /opt/airflow/dags/01_create_raw_tables_dag.py
[2026-01-13T01:01:39.612+0000] {logging_mixin.py:188} INFO - [2026-01-13T01:01:39.611+0000] {dag.py:3089} INFO - Sync 1 DAGs
[2026-01-13T01:01:39.857+0000] {logging_mixin.py:188} INFO - [2026-01-13T01:01:39.856+0000] {dag.py:3947} INFO - Setting next_dagrun for 01_create_raw_tables to None, run_after=None
[2026-01-13T01:01:40.031+0000] {processor.py:183} INFO - Processing /opt/airflow/dags/01_create_raw_tables_dag.py took 0.732 seconds
[2026-01-13T01:02:10.866+0000] {processor.py:161} INFO - Started process (PID=284) to work on /opt/airflow/dags/01_create_raw_tables_dag.py
[2026-01-13T01:02:10.870+0000] {processor.py:830} INFO - Processing file /opt/airflow/dags/01_create_raw_tables_dag.py for tasks to queue
[2026-01-13T01:02:10.875+0000] {logging_mixin.py:188} INFO - [2026-01-13T01:02:10.875+0000] {dagbag.py:545} INFO - Filling up the DagBag from /opt/airflow/dags/01_create_raw_tables_dag.py
[2026-01-13T01:02:10.930+0000] {processor.py:840} INFO - DAG(s) '01_create_raw_tables' retrieved from /opt/airflow/dags/01_create_raw_tables_dag.py
[2026-01-13T01:02:11.039+0000] {logging_mixin.py:188} INFO - [2026-01-13T01:02:11.038+0000] {dag.py:3089} INFO - Sync 1 DAGs
[2026-01-13T01:02:11.071+0000] {logging_mixin.py:188} INFO - [2026-01-13T01:02:11.071+0000] {dag.py:3947} INFO - Setting next_dagrun for 01_create_raw_tables to None, run_after=None
[2026-01-13T01:02:11.116+0000] {processor.py:183} INFO - Processing /opt/airflow/dags/01_create_raw_tables_dag.py took 0.269 seconds
[2026-01-13T01:02:41.728+0000] {processor.py:161} INFO - Started process (PID=298) to work on /opt/airflow/dags/01_create_raw_tables_dag.py
[2026-01-13T01:02:41.733+0000] {processor.py:830} INFO - Processing file /opt/airflow/dags/01_create_raw_tables_dag.py for tasks to queue
[2026-01-13T01:02:41.742+0000] {logging_mixin.py:188} INFO - [2026-01-13T01:02:41.740+0000] {dagbag.py:545} INFO - Filling up the DagBag from /opt/airflow/dags/01_create_raw_tables_dag.py
[2026-01-13T01:02:41.834+0000] {processor.py:840} INFO - DAG(s) '01_create_raw_tables' retrieved from /opt/airflow/dags/01_create_raw_tables_dag.py
[2026-01-13T01:02:42.225+0000] {logging_mixin.py:188} INFO - [2026-01-13T01:02:42.223+0000] {dag.py:3089} INFO - Sync 1 DAGs
[2026-01-13T01:02:42.380+0000] {logging_mixin.py:188} INFO - [2026-01-13T01:02:42.379+0000] {dag.py:3947} INFO - Setting next_dagrun for 01_create_raw_tables to None, run_after=None
[2026-01-13T01:02:42.535+0000] {processor.py:183} INFO - Processing /opt/airflow/dags/01_create_raw_tables_dag.py took 0.833 seconds
[2026-01-13T01:03:12.997+0000] {processor.py:161} INFO - Started process (PID=308) to work on /opt/airflow/dags/01_create_raw_tables_dag.py
[2026-01-13T01:03:13.001+0000] {processor.py:830} INFO - Processing file /opt/airflow/dags/01_create_raw_tables_dag.py for tasks to queue
[2026-01-13T01:03:13.006+0000] {logging_mixin.py:188} INFO - [2026-01-13T01:03:13.005+0000] {dagbag.py:545} INFO - Filling up the DagBag from /opt/airflow/dags/01_create_raw_tables_dag.py
[2026-01-13T01:03:13.062+0000] {processor.py:840} INFO - DAG(s) '01_create_raw_tables' retrieved from /opt/airflow/dags/01_create_raw_tables_dag.py
[2026-01-13T01:03:13.166+0000] {logging_mixin.py:188} INFO - [2026-01-13T01:03:13.166+0000] {dag.py:3089} INFO - Sync 1 DAGs
[2026-01-13T01:03:13.332+0000] {logging_mixin.py:188} INFO - [2026-01-13T01:03:13.328+0000] {dag.py:3947} INFO - Setting next_dagrun for 01_create_raw_tables to None, run_after=None
[2026-01-13T01:03:13.524+0000] {processor.py:183} INFO - Processing /opt/airflow/dags/01_create_raw_tables_dag.py took 0.554 seconds
[2026-01-13T01:03:44.209+0000] {processor.py:161} INFO - Started process (PID=318) to work on /opt/airflow/dags/01_create_raw_tables_dag.py
[2026-01-13T01:03:44.237+0000] {processor.py:830} INFO - Processing file /opt/airflow/dags/01_create_raw_tables_dag.py for tasks to queue
[2026-01-13T01:03:44.251+0000] {logging_mixin.py:188} INFO - [2026-01-13T01:03:44.250+0000] {dagbag.py:545} INFO - Filling up the DagBag from /opt/airflow/dags/01_create_raw_tables_dag.py
[2026-01-13T01:03:44.511+0000] {processor.py:840} INFO - DAG(s) '01_create_raw_tables' retrieved from /opt/airflow/dags/01_create_raw_tables_dag.py
[2026-01-13T01:03:45.294+0000] {logging_mixin.py:188} INFO - [2026-01-13T01:03:45.294+0000] {dag.py:3089} INFO - Sync 1 DAGs
[2026-01-13T01:03:45.339+0000] {logging_mixin.py:188} INFO - [2026-01-13T01:03:45.338+0000] {dag.py:3947} INFO - Setting next_dagrun for 01_create_raw_tables to None, run_after=None
[2026-01-13T01:03:45.504+0000] {processor.py:183} INFO - Processing /opt/airflow/dags/01_create_raw_tables_dag.py took 1.333 seconds
[2026-01-13T01:04:15.933+0000] {processor.py:161} INFO - Started process (PID=330) to work on /opt/airflow/dags/01_create_raw_tables_dag.py
[2026-01-13T01:04:15.938+0000] {processor.py:830} INFO - Processing file /opt/airflow/dags/01_create_raw_tables_dag.py for tasks to queue
[2026-01-13T01:04:15.954+0000] {logging_mixin.py:188} INFO - [2026-01-13T01:04:15.954+0000] {dagbag.py:545} INFO - Filling up the DagBag from /opt/airflow/dags/01_create_raw_tables_dag.py
[2026-01-13T01:04:16.008+0000] {processor.py:840} INFO - DAG(s) '01_create_raw_tables' retrieved from /opt/airflow/dags/01_create_raw_tables_dag.py
[2026-01-13T01:04:16.605+0000] {logging_mixin.py:188} INFO - [2026-01-13T01:04:16.602+0000] {dag.py:3089} INFO - Sync 1 DAGs
[2026-01-13T01:04:16.829+0000] {logging_mixin.py:188} INFO - [2026-01-13T01:04:16.828+0000] {dag.py:3947} INFO - Setting next_dagrun for 01_create_raw_tables to None, run_after=None
[2026-01-13T01:04:17.219+0000] {processor.py:183} INFO - Processing /opt/airflow/dags/01_create_raw_tables_dag.py took 1.315 seconds
